work_id,doi,author_openalex_id,program,first_author_last_name,all_authors,title,publication_date,year,venue,citations,coauthor_openalex_ids
https://openalex.org/W4388923668,https://doi.org/10.1016/j.marpetgeo.2023.106611,A5035537771,,El‐Ghali,Mohamed A. K. El‐Ghali; Olga Shelukhina; İftikhar Ahmed Abbasi; Mohamed S. H. Moustafa; Osman Salad Hersi; Numair Ahmed Siddiqui; Khalid Al–Ramadan; Abdullah Alqubalee; Abdulwahab Muhammad Bello; Abduljamiu O. Amao,"Depositional and sequence stratigraphic controls on diagenesis in the Upper Cambrian-Lower Ordovician Barik Formation, central Oman: Implications for prediction of reservoir porosity in a hybrid-energy delta system",2023-11-22,2023,Marine and Petroleum Geology,27,A5044806143|A5085476024|A5085026818|A5054760672|A5029189031|A5032627421|A5085007251|A5014657720|A5027197211
https://openalex.org/W3012467253,https://doi.org/10.1021/acsomega.9b04228,A5035537771,,Elsayed,Mahmoud Elsayed; Guenther Glatz; Ammar El‐Husseiny; Abdullah Alqubalee; Abdulrauf R. Adebayo; Karem Al-Garadi; Mohamed Mahmoud,The Effect of Clay Content on the Spin–Spin NMR Relaxation Time Measured in Porous Media,2020-03-17,2020,ACS Omega,33,A5085377966|A5030457016|A5064720324|A5010595990|A5081441008|A5049649985
https://openalex.org/W3035028305,https://doi.org/10.1016/j.marpetgeo.2020.104512,A5035537771,,Eltom,Hassan A. Eltom; Luis A. González; Abdullah Alqubalee; Abduljamiu O. Amao; Moaz Salih,"Evidence for the development of a superpermeability flow zone by bioturbation in shallow marine strata, upper Jubaila Formation, central Saudi Arabia",2020-06-16,2020,Marine and Petroleum Geology,30,A5040857714|A5047905444|A5027197211|A5034460286
https://openalex.org/W3102597749,https://doi.org/10.1016/j.marpetgeo.2020.104798,A5035537771,,Eltom,Hassan A. Eltom; Abdullah Alqubalee; Mohamed A. Yassin,Potential overlooked bioturbated reservoir zones in the shallow marine strata of the Hanifa Formation in central Saudi Arabia,2020-11-11,2020,Marine and Petroleum Geology,30,A5040857714|A5059504799
https://openalex.org/W3152701421,https://doi.org/10.1016/j.petrol.2021.108811,A5035537771,,Elsayed,Mahmoud Elsayed; Ammar El‐Husseiny; Ibrahim Kadafur; Mohamed Mahmoud; Murtada Saleh Aljawad; Abdullah Alqubalee,An experimental study on the effect of magnetic field strength and internal gradient on NMR-Derived petrophysical properties of sandstones,2021-04-20,2021,Journal of Petroleum Science and Engineering,25,A5085377966|A5064720324|A5042838699|A5049649985|A5002974432
https://openalex.org/W4313367735,https://doi.org/10.1016/j.marpetgeo.2022.106073,A5035537771,,Bello,Abdulwahab Muhammad Bello; Khalid Al–Ramadan; Lamidi Babalola; Abdullah Alqubalee; Abduljamiu O. Amao,"Impact of grain-coating illite in preventing quartz cementation: Example from permo-carboniferous sandstone, Central Saudi Arabia",2022-12-23,2022,Marine and Petroleum Geology,21,A5014657720|A5085007251|A5044235421|A5027197211
https://openalex.org/W3139415666,https://doi.org/10.1016/j.jngse.2021.103917,A5035537771,,Eltom,Hassan A. Eltom; Abdullah Alqubalee; Abdullah S. Sultan; Assad Barri; Khalid Abdelbasit,Understanding the permeability of burrow-related gas reservoirs through integrated laboratory techniques,2021-03-18,2021,Journal of Natural Gas Science and Engineering,19,A5040857714|A5023484800|A5113878758|A5000230700
https://openalex.org/W4388205616,https://doi.org/10.1016/j.marpetgeo.2023.106568,A5035537771,,Salisu,Anas Muhammad Salisu; Abdullah Alqubalee; Abdulwahab Muhammad Bello; Abdulkarim Al-Hussaini; Abdulrauf R. Adebayo; Abduljamiu O. Amao; Khalid Al–Ramadan,Impact of kaolinite and iron oxide cements on resistivity and quality of low resistivity pay sandstones,2023-10-26,2023,Marine and Petroleum Geology,19,A5072935704|A5014657720|A5080748045|A5010595990|A5027197211|A5085007251
https://openalex.org/W2945148837,https://doi.org/10.1007/s12517-019-4467-0,A5035537771,,Alqubalee,Abdullah Alqubalee; Osman Abdullatif; Lamidi Babalola; Mohammad Makkawi,"Characteristics of Paleozoic tight gas sandstone reservoir: integration of lithofacies, paleoenvironments, and spectral gamma-ray analyses, Rub’ al Khali Basin, Saudi Arabia",2019-05-23,2019,Arabian Journal of Geosciences,17,A5028390167|A5044235421|A5082642403
https://openalex.org/W4399072009,https://doi.org/10.1016/j.jafrearsci.2024.105295,A5035537771,,Bello,Abdulwahab Muhammad Bello; Anas Muhammad Salisu; Abdullah Alqubalee; Abduljamiu O. Amao; Murtada Al-Hashem; Abdulkarim Al-Hussaini; Khalid Al–Ramadan,"Diagenetic controls on the quality of shallow marine sandstones: An example from the Cambro-Ordovician Saq Formation, central Saudi Arabia",2024-05-28,2024,Journal of African Earth Sciences,9,A5014657720|A5072935704|A5027197211|A5080266129|A5080748045|A5085007251
https://openalex.org/W2988910414,https://doi.org/10.3390/en12224302,A5035537771,,Adebayo,Abdulrauf R. Adebayo; Lamidi Babalola; Syed Rizwanullah Hussaini; Abdullah Alqubalee; Rahul S. Babu,Insight into the Pore Characteristics of a Saudi Arabian Tight Gas Sand Reservoir,2019-11-12,2019,Energies,23,A5010595990|A5044235421|A5011150776|A5086890284
https://openalex.org/W2944809997,https://doi.org/10.1007/s13369-019-03885-9,A5035537771,,Alqubalee,Abdullah Alqubalee; Lamidi Babalola; Osman Abdullatif; Mohammad Makkawi,"Factors Controlling Reservoir Quality of a Paleozoic Tight Sandstone, Rub’ al Khali Basin, Saudi Arabia",2019-05-08,2019,Arabian Journal for Science and Engineering,17,A5044235421|A5028390167|A5082642403
https://openalex.org/W4220873824,https://doi.org/10.1016/j.marpetgeo.2022.105666,A5035537771,,Alqubalee,Abdullah Alqubalee; Jaber Muharrag; Anas Muhammad Salisu; Hassan A. Eltom,"The negative impact of Ophiomorpha on reservoir quality of channelized deposits in mixed carbonate siliciclastic setting: The case study of the Dam Formation, Saudi Arabia",2022-03-30,2022,Marine and Petroleum Geology,13,A5061727407|A5072935704|A5040857714
https://openalex.org/W3195908734,https://doi.org/10.1007/s00531-021-02102-z,A5035537771,,Eltom,Hassan A. Eltom; Abdullah Alqubalee; Lamidi Babalola,Understanding the two-dimensional quantification of bioturbation intensity through computer modeling and statistical analysis,2021-08-23,2021,International Journal of Earth Sciences,12,A5040857714|A5044235421
https://openalex.org/W4283757143,https://doi.org/10.1007/s11053-022-10097-w,A5035537771,,El‐Husseiny,Ammar El‐Husseiny; Hassan A. Eltom; Abdullah Alqubalee; Ammar Abdlmutalib; Hani Al-Mukainah; Rika N. Syahputra,"Distinct Petroacoustic Signature of Burrow-Related Carbonate Reservoirs: Outcrop Analog Study, Hanifa Formation, Central Saudi Arabia",2022-07-01,2022,Natural Resources Research,10,A5064720324|A5040857714|A5006844997|A5024882078|A5044457172
https://openalex.org/W4223892951,https://doi.org/10.1007/s13369-022-06720-w,A5035537771,,Afagwu,Clement Afagwu; Mohamed Mahmoud; Saad Alafnan; Abdullah Alqubalee; Ammar El‐Husseiny; Shirish Patil,"Pore Volume Characteristics of Clay-Rich Shale: Critical Insight into the Role of Clay Types, Aluminum and Silicon Concentration",2022-04-15,2022,Arabian Journal for Science and Engineering,9,A5014177485|A5049649985|A5080526944|A5064720324|A5005252413
https://openalex.org/W4398159676,https://doi.org/10.1016/j.precamres.2024.107430,A5035537771,,Whattam,Scott Whattam; Robert J. Stern; Hossein Azizi; Keewook Yi; Haitham M. Baggazi; Abdullah Alqubalee; Fatemeh Nouri; Brian R. Jicha; Yanick Brice Lemdjou; Abdelhamid El Fakharani,"Shift from arc to within-plate magmatism at 635 Ma as recorded by Neoproterozoic dikes, southern Midyan terrane, NW Arabian Shield",2024-05-21,2024,Precambrian Research,6,A5011750653|A5035240990|A5087693955|A5091048626|A5039769816|A5075689314|A5068582901|A5112600754|A5089449027
https://openalex.org/W4309553920,https://doi.org/10.1007/s00531-022-02261-7,A5035537771,,Babalola,Lamidi Babalola; Abdullah Alqubalee; Michael A. Kaminski; Osman Abdullatif; Mohamed O. Abouelresh,"Stable carbon and oxygen isotope records in a Middle Jurassic carbonate sequence: implications for paleoenvironment, and sea-level fluctuation, central Saudi Arabia",2022-11-20,2022,International Journal of Earth Sciences,5,A5044235421|A5035815399|A5028390167|A5039010638
https://openalex.org/W4317376201,https://doi.org/10.2118/214460-ms,A5035537771,,Desouky,Mahmoud Desouky; Abdullah Alqubalee; Ahmed Gowida,Decision Tree Ensembles for Automatic Identification of Lithology,2023-01-18,2023,,4,A5017097772|A5091022304
https://openalex.org/W3141818123,https://doi.org/10.1016/j.marpetgeo.2021.105048,A5035537771,,Abdlmutalib,Ammar Abdlmutalib; Osman Abdullatif; Abdullah Alqubalee; Luis A. González; John Humphrey,"Effects of lithofacies on pore system evolution of storm-wave silt-rich fine-grained sediments. Early Silurian Qusaiba Member (Qaliba Formation), NW Saudi Arabia",2021-03-27,2021,Marine and Petroleum Geology,9,A5006844997|A5028390167|A5047905444|A5082826691
https://openalex.org/W4213326878,https://doi.org/10.2110/palo.2021.012,A5035537771,,Eltom,Hassan A. Eltom; Abdullah Alqubalee,"QUANTITATIVE VARIABILITY OF BURROW PERCENTAGE ESTIMATED FROM 2D VIEWS: EXAMPLE FROM <i>THALASSINOIDES</i>-BEARING STRATA, CENTRAL SAUDI ARABIA",2022-02-22,2022,Palaios,9,A5040857714
https://openalex.org/W4223471131,https://doi.org/10.1016/j.sedgeo.2022.106146,A5035537771,,Syahputra,M. Rika Nanda Syahputra; Hassan A. Eltom; Ammar El‐Husseiny; Michael A. Kaminski; Abdullah Alqubalee,"Spatial patterns variations of a burrowed carbonate stratum (ramp carbonates), Upper Jurassic Hanifa Formation, central Saudi Arabia",2022-04-12,2022,Sedimentary Geology,6,A5074504776|A5040857714|A5064720324|A5035815399
https://openalex.org/W4387996609,https://doi.org/10.1038/s41598-023-45563-9,A5035537771,,Alqubalee,Abdullah Alqubalee; Anas Muhammad Salisu; Abdulwahab Muhammad Bello; Abdulkarim Al-Hussaini; Khalid Al–Ramadan,"Characteristics, distribution, and origin of ferruginous deposits within the Late Ordovician glaciogenic setting of Arabia",2023-10-27,2023,Scientific Reports,6,A5072935704|A5014657720|A5080748045|A5085007251
https://openalex.org/W4390510283,https://doi.org/10.1007/s13369-023-08590-2,A5035537771,,Bello,Abdulwahab Muhammad Bello; Abduljamiu O. Amao; Abdullah Alqubalee; Murtada Al-Hashem; Houssin Albarri; Mohammed Al‐Masrahy; Khalid Al‐Ramadan; Lamidi Babalola,Diagenetic Controls on Reservoir Porosity of Aeolian and Fluvial Deposits: A Case Study from Permo-Carboniferous Sandstones of Saudi Arabia,2024-01-01,2024,Arabian Journal for Science and Engineering,6,A5014657720|A5027197211|A5080266129|A5093639122|A5042665751|A5104094821|A5044235421
https://openalex.org/W4391167607,https://doi.org/10.3390/min14020126,A5035537771,,Hakimi,Mohammed Hail Hakimi; Alok Kumar; Abdullah Alqubalee; Alok K. Singh; Mohammed Almobarky; Afikah Rahim; Mohammad Alqudah; Aref Lashin; Khairul Azlan Mustapha; Waqas Naseem,"Mineralogy and Geochemistry of the Paleocene–Eocene Palana Formation in Western Rajasthan, India: Insights for Sedimentary Paleoenvironmental Conditions and Volcanic Activity",2024-01-24,2024,Minerals,5,A5029716563|A5043354798|A5022797343|A5044055562|A5102858778|A5006452421|A5023467994|A5061703841|A5037236117
https://openalex.org/W4390685983,https://doi.org/10.1016/j.marpetgeo.2024.106702,A5035537771,,Albensaad,Baqer Albensaad; Septriandi A. Chan; John Humphrey; Abdullah Alqubalee; Ammar El‐Husseiny; Yaser Alzayer,Controls on mechanical properties of a carbonate mudstone: Insights from non-destructive techniques and geochemical data,2024-01-09,2024,Marine and Petroleum Geology,4,A5004157772|A5080643603|A5082826691|A5064720324|A5008057862
https://openalex.org/W4391286506,https://doi.org/10.1016/j.jaesx.2024.100174,A5035537771,,AlGhamdi,Faisal AlGhamdi; Lamidi Babalola; Abdullah Alqubalee; Israa S. Abu‐Mahfouz; Bandar Alotaibi; Mohammed Abouelresh,"Source rock potential, thermal maturity, and depositional environment of the Ordovician Ra’an Shale Member, central Saudi Arabia",2024-01-28,2024,Journal of Asian Earth Sciences X,3,A5070455488|A5044235421|A5079903196|A5053747503|A5111119662
https://openalex.org/W4200149467,https://doi.org/10.1016/j.jseaes.2021.105040,A5035537771,,Hakimi,Mohammed Hail Hakimi; Abbas F. Gharib; Mohammad Alqudah; Adeeb Ahmed; Baleid Ali Hatem; Khairul Azlan Mustapha; Nor Syazwani Zainal Abidin; Aref Lashin; Nura Abdulmumini Yelwa; Abdullah Alqubalee,"Geochemistry and organofacies characteristics of organic-rich chalky marl deposits, northern Jordan: Insights into Type II-S source rock",2021-12-16,2021,Journal of Asian Earth Sciences,5,A5029716563|A5059202675|A5006452421|A5007946242|A5057960065|A5061703841|A5037030769|A5023467994|A5033145509
https://openalex.org/W3195332584,https://doi.org/10.1007/s13369-021-06066-9,A5035537771,,Alqubalee,Abdullah Alqubalee; Lamidi Babalola; Osman Abdullatif; Hassan A. Eltom,"Geochemical Characterization of Subsurface Upper Ordovician Glaciogenic Deposits: Implications for Provenance, Tectonic Setting, and Depositional Environments",2021-08-20,2021,Arabian Journal for Science and Engineering,4,A5044235421|A5028390167|A5040857714
https://openalex.org/W4392964788,https://doi.org/10.1007/978-3-031-48758-3_8,A5035537771,,El‐Ghali,Mohamed A. K. El‐Ghali; İftikhar Ahmed Abbasi; Olga Shelukhina; Mohamed S. H. Moustafa; Arshad Ali; Osman Salad Hersi; Shahad Al Mahrooqi; Khalid Al–Ramadan; Abdulwahab Muhammad Bello; Hezam Al-Awah; Abdullah Alqubalee,"Genesis of Grain-Coating Clays and Their Effect on the Development of Feldspar Overgrowths: A Case Study of the Late Cambrian to Early Ordovician Barik Formation Sandstone Reservoir, Haushi-Huqf Region, Central Oman",2024-01-01,2024,"Advances in Science, Technology & Innovation/Advances in science, technology & innovation",3,A5044806143|A5085026818|A5085476024|A5054760672|A5044314407|A5029189031|A5094194168|A5085007251|A5014657720|A5091708119
https://openalex.org/W3128658973,,A5035537771,,Alqubalee,Abdullah Alqubalee; Osman Abdullatif; Lamidi Babalola,"Application of Spectral Gamma Ray for Lithofacies and Paleo-environmental Interpretation: A Case Study from the Late Ordovician Glaciogenic Deposits, Saudi Arabia",2017-04-01,2017,EGU General Assembly Conference Abstracts,1,A5028390167|A5044235421
https://openalex.org/W2618368271,https://doi.org/10.3997/2214-4609.201701379,A5035537771,,Alqubalee,Abdullah Alqubalee; Osman Abdullatif; Lamidi Babalola; Mohammad Makkawi,"Reservoir Characterization of Tight Gas Sand - Integration of lithofacies and Petrophysical properties, Subsurface, Saudi Arabia",2017-05-26,2017,Proceedings,0,A5028390167|A5044235421|A5082642403
https://openalex.org/W2766468506,https://doi.org/10.3997/2214-4609.201702466,A5035537771,,Alqubalee,Abdullah Alqubalee,"Multi-Scale Reservoir Characterization of Tight Gas Sand: A Case Study from the Paleozoic Glaciogenic Sarah Formation, Rub’ Al-Khali Basin, Saudi Arabia",2017-10-25,2017,Proceedings,0,
https://openalex.org/W2928602162,https://doi.org/10.3997/2214-4609.201900217,A5035537771,,Abdullatif,Osman Abdullatif; Abdullah Alqubalee; Lamidi Babalola; Mohammad Makkawi,"Sedimentological Controls on Reservoir Properties of a Paleozoic Tight Sandstone Reservoir, Saudi Arabia",2018-12-09,2018,Proceedings,0,A5028390167|A5044235421|A5082642403
https://openalex.org/W2965273680,https://doi.org/10.1130/abs/2019am-341003,A5035537771,,Babalola,Lamidi Babalola; Aviandy W. Ismanto; Aviandy W. Ismanto; Abdullah Alqubalee; Abdullah Alqubalee; Mohamed O. Abouelresh; Mohamed O. Abouelresh; Michael A. Kaminski; Michael A. Kaminski; Osman Abdullatif; Osman Abdullatif,"STABLE ISOTOPE CHEMOSTRATIGRAPHY OF A BIOTURBATED MIDDLE JURASSIC CARBONATE SEQUENCE, CENTRAL SAUDI ARABIA: PALEOTEMPERATURE RECONSTRUCTION, DEPOSITION ENVIRONMENT AND DIAGENETIC INTERPRETATIONS",2019-01-01,2019,Abstracts with programs - Geological Society of America,0,A5044235421|A5075872468|A5039010638|A5035815399|A5028390167
https://openalex.org/W4205343768,https://doi.org/10.2139/ssrn.4002127,A5035537771,,Alqubalee,Abdullah Alqubalee; JABER MUHARRAG; ANAS MUHAMMAD SALISU; Hassan A. Eltom,"The Negative Impact of Ophiomorpha on Reservoir Quality of Tidal Channel Deposits: The Case Study of the Dam Formation, Saudi Arabia",2022-01-01,2022,SSRN Electronic Journal,0,A5013728813|A5073104646|A5040857714
https://openalex.org/W4221087233,https://doi.org/10.5194/egusphere-egu22-9154,A5035537771,,Babiker,Jarrah Babiker; John Humphrey; Khalid Al–Ramadan; Jonathan L. Payne; Michael A. Kaminski; Abdullah Alqubalee,"Fish fossil remains from the Khartam Member, Khuff Formation in Central Saudi Arabia: Implications for placement of the Permo/Triassic Boundary",2022-03-28,2022,,0,A5029738708|A5082826691|A5085007251|A5061005201|A5035815399
https://openalex.org/W4385654401,https://doi.org/10.2139/ssrn.4535426,A5035537771,,Albensaad,Baqer Albensaad; Septriandi A. Chan; John Humphrey; Abdullah Alqubalee; Ammar El‐Husseiny; Yaser Alzayer,Controls on Mechanical Properties of Carbonate Mudstone: Insights from Non-Destructive Techniques and Geochemical Data,2023-01-01,2023,SSRN Electronic Journal,0,A5004157772|A5080643603|A5082826691|A5064720324|A5008057862
https://openalex.org/W4388593599,https://doi.org/10.29041/strat.19.3.02,A5035537771,,Babiker,Jarrah Babiker; Michael A. Kaminski; John Humphrey; Khalid Al–Ramadan; Jonathan L. Payne; Abdullah Alqubalee,"First record of shark microremains from the Lower Khartam Member, Khuff Formation: an Upper Permian origin of the genus Lissodus, or a new placement of the Permo/Triassic boundary in Saudi Arabia?",2022-09-01,2022,Stratigraphy,0,A5029738708|A5035815399|A5082826691|A5085007251|A5061005201
https://openalex.org/W4388960641,https://doi.org/10.20944/preprints202311.1550.v1,A5035537771,,Hakimi,Mohammed Hail Hakimi; Alok Kumar; Abdullah Alqubalee; Alok K. Singh; Mohammed Almobarky; Afikah Rahim; Mohammad Alqudah; Aref Lashin; Khairul Azlan Mustapha; Waqas Naseem,"Mineralogy and Geochemistry of the Paleocene-Eocene Palana Formation in Western Rajasthan, India: Insights for Sedimentary Paleoenvironmental Conations and Volcanic Activity",2023-11-24,2023,Preprints.org,0,A5029716563|A5043354798|A5022797343|A5044055562|A5102858778|A5006452421|A5023467994|A5061703841|A5037236117
https://openalex.org/W4392600402,https://doi.org/10.5194/egusphere-egu24-5447,A5035537771,,Saidy,Kebba Saidy; Manzar Fawad; Scott Whattam; Abdullatif Al‐Shuhail; Abdullah A. Alshuhail; Abdullah Alqubalee; Farooqui Mohammed; Faris Sulistyohariyanto; Sabyasachi Chattopadhyay,Unlocking the H2 potential in Saudi Arabia: Exploring serpentinites as a source for H2 production,2024-03-08,2024,,0,A5094100781|A5094100782|A5011750653|A5054922583|A5111604304|A5102626965|A5082334094|A5102958146
https://openalex.org/W4409556117,https://doi.org/10.21203/rs.3.rs-6244542/v1,A5035537771,,Marroquin,Fernando Alonso Marroquin; Sarmad Zafar Khan; Abdullah Alqubalee; Péter Móra; Abdullatif Al‐Shuhail,Contact morphology of sand particles in dunes,2025-04-17,2025,,0,A5117197460|A5000180362|A5011378626|A5054922583
https://openalex.org/W4412890921,https://doi.org/10.1515/9783111437040-019,A5035537771,,Fawad,Manzar Fawad; Scott Whattam; Abdullah Alqubalee; Ahmed Al‐Yaseri,513Chapter 19 Various elements of a potential hydrogen system in Saudi Arabia,2025-03-29,2025,,0,A5000790686|A5011750653|A5059738250
https://openalex.org/W4413307018,https://doi.org/10.1038/s41598-025-15888-8,A5035537771,,Alonso-Marroquin,Fernando Alonso-Marroquin; Sarmad Zafar Khan; Abdullah Alqubalee; Péter Móra; Abdullatif Al‐Shuhail,Contact morphology of sand particles in dunes,2025-08-19,2025,Scientific Reports,0,A5113089995|A5000180362|A5011378626|A5054922583
https://openalex.org/W1967710197,https://doi.org/10.1021/cm049617w,A5038432622,,Chang,Jui-Fen Chang; Baoquan Sun; Dag W. Breiby; M. Nielsen; Theis I. Sølling; Mark Giles; Iain McCulloch; Henning Sirringhaus,Enhanced Mobility of Poly(3-hexylthiophene) Transistors by Spin-Coating from High-Boiling-Point Solvents,2004-07-17,2004,Chemistry of Materials,935,A5112326743|A5107536480|A5062169185|A5047040430|A5102112388|A5034296749|A5011763288
https://openalex.org/W3137305441,https://doi.org/10.1021/acs.energyfuels.1c00035,A5038432622,,Majeed,Talha Majeed; Muhammad Shahzad Kamal; Xianmin Zhou; Theis I. Sølling,A Review on Foam Stabilizers for Enhanced Oil Recovery,2021-03-15,2021,Energy & Fuels,113,A5079272625|A5084940954|A5081101199
https://openalex.org/W2998154399,https://doi.org/10.1016/j.petrol.2019.106871,A5038432622,,Majeed,Talha Majeed; Theis I. Sølling; Muhammad Shahzad Kamal,"Foamstability: The interplay between salt-, surfactant- and critical micelle concentration",2019-12-27,2019,Journal of Petroleum Science and Engineering,101,A5079272625|A5084940954
https://openalex.org/W3046448093,https://doi.org/10.1016/j.petrol.2020.107680,A5038432622,,Adewunmi,Ahmad A. Adewunmi; Muhammad Shahzad Kamal; Theis I. Sølling,"Application of magnetic nanoparticles in demulsification: A review on synthesis, performance, recyclability, and challenges",2020-07-31,2020,Journal of Petroleum Science and Engineering,92,A5056606328|A5084940954
https://openalex.org/W3190267996,https://doi.org/10.1016/j.petrol.2021.109312,A5038432622,,Mahboob,Ahmad Mahboob; Shams Kalam; Muhammad Shahzad Kamal; Syed Muhammad Shakil Hussain; Theis I. Sølling,EOR Perspective of microemulsions: A review,2021-08-05,2021,Journal of Petroleum Science and Engineering,76,A5066251556|A5060118230|A5084940954|A5022552999
https://openalex.org/W3202458597,https://doi.org/10.1016/j.petrol.2021.109569,A5038432622,,Adewunmi,Ahmad A. Adewunmi; Theis I. Sølling; Abdullah S. Sultan; Tinku Saikia,Emulsified acid systems for oil well stimulation: A review,2021-09-28,2021,Journal of Petroleum Science and Engineering,55,A5056606328|A5023484800|A5091572144
https://openalex.org/W3077833416,https://doi.org/10.3390/molecules25163764,A5038432622,,Alafnan,Saad Alafnan; Theis I. Sølling; Mohamed Mahmoud,Effect of Kerogen Thermal Maturity on Methane Adsorption Capacity: A Molecular Modeling Approach,2020-08-18,2020,Molecules,47,A5080526944|A5049649985
https://openalex.org/W4383370930,https://doi.org/10.1021/acsenergylett.3c01098,A5038432622,,Dutta,Indranil Dutta; Rajesh Kumar Parsapur; Sudipta Chatterjee; Amol M. Hengne; Davin Tan; Karthik Peramaiah; Theis I. Sølling; Ole John Nielsen; Kuo‐Wei Huang,The Role of Fugitive Hydrogen Emissions in Selecting Hydrogen Carriers,2023-07-06,2023,ACS Energy Letters,47,A5070496153|A5047504755|A5012663625|A5062260832|A5087382327|A5101257970|A5060528328|A5074334575
https://openalex.org/W4323827695,https://doi.org/10.1021/acs.energyfuels.3c00093,A5038432622,,Gbadamosi,Afeez Gbadamosi; Syed Muhammad Shakil Hussai; Muhammad Shahzad Kamal; Shirish Patil; Theis I. Sølling; Saleh Hassan; Jinxun Wang,Evaluating the Potential of Zwitterionic Surfactants for Enhanced Oil Recovery: Effect of Headgroups and Unsaturation,2023-03-10,2023,Energy & Fuels,28,A5044382284|A5109600317|A5084940954|A5005252413|A5110963226|A5080061137
https://openalex.org/W1972195990,https://doi.org/10.1021/ja028509c,A5038432622,,Bunk,Oliver Bunk; M. Nielsen; Theis I. Sølling; A.M. van de Craats; N. Stutzmann,Induced Alignment of a Solution-Cast Discotic Hexabenzocoronene Derivative for Electronic Devices Investigated by Surface X-ray Diffraction,2003-01-30,2003,Journal of the American Chemical Society,103,A5007447103|A5047040430|A5058847596|A5108087290
https://openalex.org/W2018730143,https://doi.org/10.1002/cssc.201100249,A5038432622,,Jadhav,H. S. Jadhav; Christian Pedersen; Theis I. Sølling; Mikael Bols,3‐Deoxy‐glucosone is an Intermediate in the Formation of Furfurals from <scp>D</scp>‐Glucose.,2011-06-29,2011,ChemSusChem,89,A5108432323|A5060988351|A5027669843
https://openalex.org/W2132130375,https://doi.org/10.1002/cphc.200400644,A5038432622,,Nielsen,Steen Brøndsted Nielsen; Theis I. Sølling,"Are Conical Intersections Responsible for the Ultrafast Processes of Adenine, Protonated Adenine, and the Corresponding Nucleosides?",2005-06-01,2005,ChemPhysChem,83,A5039934039
https://openalex.org/W2054882623,https://doi.org/10.1002/1439-7641(20020118)3:1<57::aid-cphc57>3.0.co;2-f,A5038432622,,Diau,Eric Wei‐Guang Diau; Carsten Kötting; Theis I. Sølling; Ahmed H. Zewail,Femtochemistry of Norrish Type-I Reactions: III. Highly Excited Ketones—Theoretical,2002-01-18,2002,ChemPhysChem,80,A5034431427|A5061965371|A5077807260
https://openalex.org/W2888573122,https://doi.org/10.1021/jacs.8b07665,A5038432622,,Farrell,Kieran M. Farrell; Matthew M. Brister; Michael Pittelkow; Theis I. Sølling; Carlos E. Crespo‐Hernández,Heavy-Atom-Substituted Nucleobases in Photodynamic Applications: Substitution of Sulfur with Selenium in 6-Thioguanine Induces a Remarkable Increase in the Rate of Triplet Decay in 6-Selenoguanine,2018-08-26,2018,Journal of the American Chemical Society,72,A5085349372|A5044920975|A5066170154|A5066381752
https://openalex.org/W2009444482,https://doi.org/10.1021/ja909166s,A5038432622,,Kuhlman,Thomas S. Kuhlman; Jacob Kongsted; Kurt V. Mikkelsen; Klaus B. Møller; Theis I. Sølling,Interpretation of the Ultrafast Photoinduced Processes in Pentacene Thin Films,2010-02-22,2010,Journal of the American Chemical Society,61,A5024410159|A5091476336|A5067042195|A5073264455
https://openalex.org/W2016780048,https://doi.org/10.1021/ja042355e,A5038432622,,Breiby,Dag W. Breiby; Oliver Bunk; Wojciech Pisula; Theis I. Sølling; A. Tracz; Tadeusz Pakuła; Kläus Müllen; M. Nielsen,Structure of Zone-Cast HBC−C<sub>12</sub>H<sub>25</sub> Films,2005-07-21,2005,Journal of the American Chemical Society,60,A5062169185|A5007447103|A5014532769|A5055503933|A5052369179|A5072097825|A5047040430
https://openalex.org/W2325015204,https://doi.org/10.1021/jp403602v,A5038432622,,López‐Arteaga,Rafael López‐Arteaga; Anne B. Stephansen; César A. Guarín; Theis I. Sølling; Jörge Peón,The Influence of Push–Pull States on the Ultrafast Intersystem Crossing in Nitroaromatics,2013-08-01,2013,The Journal of Physical Chemistry B,54,A5059345253|A5058309136|A5082673741|A5072460911
https://openalex.org/W2004464682,https://doi.org/10.1021/jp0574706,A5038432622,,Gosselin,Jaimie Gosselin; Michael P. Minitti; Fedor Rudakov; Theis I. Sølling; Peter Weber,"Energy Flow and Fragmentation Dynamics of <i>N,N</i>-Dimethylisopropylamine",2006-03-01,2006,The Journal of Physical Chemistry A,52,A5077038099|A5052804460|A5080651128|A5058193339
https://openalex.org/W2899160823,https://doi.org/10.1021/acs.jpclett.8b02773,A5038432622,,Yong,Haiwang Yong; Nikola Zotev; Brian Stankus; Jennifer M. Ruddock; Darren Bellshaw; Sébastien Boutet; Thomas J. Lane; Mengning Liang; Sergio Carbajo; Joseph S. Robinson; Wenpeng Du; Nathan Goff; Yu Chang; Jason E. Koglin; Max D. J. Waters; Theis I. Sølling; Michael P. Minitti; Adam Kirrander; Peter Weber,Determining Orientations of Optical Transition Dipole Moments Using Ultrafast X-ray Scattering,2018-10-31,2018,The Journal of Physical Chemistry Letters,47,A5029402835|A5069610685|A5003784974|A5011520668|A5020564689|A5002292798|A5017550931|A5101573501|A5001587799|A5011624193|A5067232662|A5084434008|A5044307388|A5055583239|A5025017238|A5052804460|A5052145152|A5058193339
https://openalex.org/W2069086822,https://doi.org/10.1021/jp400616c,A5038432622,,Schalk,Oliver Schalk; Søren Lindbæk Broman; Michael Petersen; Dmitry Khakhulin; Rasmus Y. Brogaard; Mogens Brøndsted Nielsen; Andrey E. Boguslavskiy; Albert Stolow; Theis I. Sølling,On the Condensed Phase Ring-Closure of Vinylheptafulvalene and Ring-Opening of Gaseous Dihydroazulene,2013-04-04,2013,The Journal of Physical Chemistry A,46,A5090390474|A5113220832|A5037360487|A5027141373|A5077910252|A5043761057|A5037126566|A5034159631
https://openalex.org/W2078129173,https://doi.org/10.1002/cphc.201100929,A5038432622,,Kuhlman,Thomas S. Kuhlman; Theis I. Sølling; Klaus B. Møller,Coherent Motion Reveals Non‐Ergodic Nature of Internal Conversion between Excited States,2012-01-25,2012,ChemPhysChem,45,A5024410159|A5073264455
https://openalex.org/W2402712585,https://doi.org/10.1016/j.petrol.2016.05.021,A5038432622,,Alyafei,Nayef Alyafei; Thomas McKay; Theis I. Sølling,Characterization of petrophysical properties using pore-network and lattice-Boltzmann modelling: Choice of method and image sub-volume size,2016-05-22,2016,Journal of Petroleum Science and Engineering,42,A5059326839|A5112104993
https://openalex.org/W2899217233,https://doi.org/10.1016/j.petrol.2018.10.097,A5038432622,,Sayed,Amr Sayed; Kristian B. Olesen; Abdul Sattar Alkahala; Theis I. Sølling; Nayef Alyafei,The effect of organic acids and salinity on the interfacial tension of n-decane/ water systems,2018-10-29,2018,Journal of Petroleum Science and Engineering,42,A5109608215|A5011785521|A5012597497|A5059326839
https://openalex.org/W4200553882,https://doi.org/10.1016/j.egyr.2021.11.249,A5038432622,,Mustafa,Ayyaz Mustafa; Taqi Alzaki; Murtada Saleh Aljawad; Theis I. Sølling; Jack Dvorkin,"Impact of acid wormhole on the mechanical properties of chalk, limestone, and dolomite: Experimental and modeling studies",2021-12-20,2021,Energy Reports,39,A5036132039|A5050472957|A5002974432|A5038543186
https://openalex.org/W2976286243,https://doi.org/10.1039/c9ra06577f,A5038432622,,Hussain,Syed Muhammad Shakil Hussain; Muhammad Shahzad Kamal; Theis I. Sølling; Mobeen Murtaza; Lionel Talley Fogang,Surface and thermal properties of synthesized cationic poly(ethylene oxide) gemini surfactants: the role of the spacer,2019-01-01,2019,RSC Advances,35,A5022552999|A5084940954|A5075168324|A5046182468
https://openalex.org/W1963592702,https://doi.org/10.1016/j.cplett.2008.06.079,A5038432622,,Rusteika,N. Rusteika; Klaus B. Møller; Theis I. Sølling,New insights on the photodynamics of acetone excited with 253−288 nm femtosecond pulses,2008-07-03,2008,Chemical Physics Letters,33,A5040939479|A5073264455
https://openalex.org/W2298927310,https://doi.org/10.1039/c5cp07910a,A5038432622,,Klein,Liv B. Klein; Thorbjørn J. Morsing; Ruth A. Livingstone; Dave Townsend; Theis I. Sølling,The effects of symmetry and rigidity on non-adiabatic dynamics in tertiary amines: a time-resolved photoelectron velocity-map imaging study of the cage-amine ABCO,2016-01-01,2016,Physical Chemistry Chemical Physics,32,A5009659097|A5004131082|A5044124310|A5063710426
https://openalex.org/W3137028521,https://doi.org/10.1016/j.petrol.2021.108679,A5038432622,,Alnoush,Wajdi Alnoush; Amr Sayed; Theis I. Sølling; Nayef Alyafei,Impact of calcite surface roughness in wettability assessment: Interferometry and atomic force microscopy analysis,2021-03-19,2021,Journal of Petroleum Science and Engineering,31,A5048076397|A5109608215|A5059326839
https://openalex.org/W3164269048,https://doi.org/10.1016/j.petrol.2021.108974,A5038432622,,Mustafa,Ayyaz Mustafa; Moustafa Aly; Murtada Saleh Aljawad; Jack Dvorkin; Theis I. Sølling; Abdullah S. Sultan,A green and efficient acid system for carbonate reservoir stimulation,2021-05-24,2021,Journal of Petroleum Science and Engineering,31,A5036132039|A5003967607|A5002974432|A5038543186|A5023484800
https://openalex.org/W2012291362,https://doi.org/10.1063/1.4742313,A5038432622,,Kuhlman,Thomas S. Kuhlman; Stephan P. A. Sauer; Theis I. Sølling; Klaus B. Møller,"Symmetry, vibrational energy redistribution and vibronic coupling: The internal conversion processes of cycloketones",2012-08-15,2012,The Journal of Chemical Physics,30,A5024410159|A5086252340|A5073264455
https://openalex.org/W2889541240,https://doi.org/10.1021/acs.joc.8b01800,A5038432622,,Pedersen,Stephan K. Pedersen; Anne Ulfkjær; Madeleine N. Newman; Sarangki Yogarasa; Anne Ugleholdt Petersen; Theis I. Sølling; Michael Pittelkow,Inverting the Selectivity of the Newman–Kwart Rearrangement via One Electron Oxidation at Room Temperature,2018-08-30,2018,The Journal of Organic Chemistry,30,A5091173919|A5014015953|A5067181993|A5000577808|A5011748689|A5066170154
https://openalex.org/W3093024954,https://doi.org/10.1016/j.petrol.2020.108046,A5038432622,,Desouky,Mahmoud Desouky; Murtada Saleh Aljawad; Theis I. Sølling; Abduljamiu O. Amao; Kion Norrman; Dhafer Al Shehri,Improving long-term hydraulic fracture conductivity by alteration of rock minerals,2020-10-17,2020,Journal of Petroleum Science and Engineering,29,A5017097772|A5002974432|A5027197211|A5060497833|A5024608621
https://openalex.org/W2535696233,https://doi.org/10.1016/j.petrol.2016.10.034,A5038432622,,Al-Kaabi,Nasser Al-Kaabi; Mette Kristensen; Nabil Zouari; Theis I. Sølling; Steffen Bach; Mohammad A. Al‐Ghouti; Jan H. Christensen,"Source identification of beached oil at Al Zubarah, Northwestern Qatar",2016-10-19,2016,Journal of Petroleum Science and Engineering,28,A5044150696|A5007247399|A5013723407|A5068283429|A5014968713|A5005318158
https://openalex.org/W2971154987,https://doi.org/10.1016/j.petrol.2019.106430,A5038432622,,Adewunmi,Ahmad A. Adewunmi; Muhammad Shahzad Kamal; Theis I. Sølling; Babatunde Abiodun Salami,Palm oil fuel ash (POFA) as a demulsifier for crude oil emulsions: Performance and mechanism,2019-08-29,2019,Journal of Petroleum Science and Engineering,25,A5056606328|A5084940954|A5032669797
https://openalex.org/W3083162868,https://doi.org/10.1016/j.petrol.2020.107897,A5038432622,,Aljawad,Murtada Saleh Aljawad; Mahmoud Desouky; Theis I. Sølling; Abduljamiu O. Amao; Khalid Al–Ramadan,Improving carbonate rock hardness by consolidating additives to sustain long term fracture conductivity,2020-09-07,2020,Journal of Petroleum Science and Engineering,24,A5002974432|A5017097772|A5027197211|A5085007251
https://openalex.org/W2557294649,https://doi.org/10.1039/c6cp07234h,A5038432622,,Østerstrøm,Freja F. Østerstrøm; Simone T. Andersen; Theis I. Sølling; Ole John Nielsen; Mads P. Sulbæk Andersen,Atmospheric chemistry of Z- and E-CF<sub>3</sub>CHCHCF<sub>3</sub>,2016-11-29,2016,Physical Chemistry Chemical Physics,23,A5088774177|A5048547146|A5060528328|A5064830322
https://openalex.org/W2737682044,https://doi.org/10.1016/j.cplett.2017.07.039,A5038432622,,Chang,Chih-Wei Chang; Theis I. Sølling; Eric Wei‐Guang Diau,Revisiting the photophysics of 9-fluorenone: Ultrafast time-resolved fluorescence and theoretical studies,2017-07-21,2017,Chemical Physics Letters,22,A5000789322|A5034431427
https://openalex.org/W2765503353,https://doi.org/10.1021/acs.jpca.7b09185,A5038432622,,Munkerup,Kristin Munkerup; Dmitri Romanov; Timothy Bohinski; Anne B. Stephansen; Robert J. Levis; Theis I. Sølling,Conserving Coherence and Storing Energy during Internal Conversion: Photoinduced Dynamics of <i>cis</i>- and <i>trans-</i>Azobenzene Radical Cations,2017-10-24,2017,The Journal of Physical Chemistry A,21,A5017043001|A5073626337|A5042676735|A5058309136|A5076246398
https://openalex.org/W2886669206,https://doi.org/10.1021/acs.joc.8b01468,A5038432622,,Eriksen,Kristina Eriksen; Anne Ulfkjær; Theis I. Sølling; Michael Pittelkow,Benzylic Thio and Seleno Newman–Kwart Rearrangements,2018-08-15,2018,The Journal of Organic Chemistry,18,A5055185865|A5014015953|A5066170154
https://openalex.org/W2102123356,https://doi.org/10.1039/b920378h,A5038432622,,Lincke,Kasper Lincke; Theis I. Sølling; Lars H. Andersen; Benedikte Klærke; Dennis B. Rahbek; Jyoti Rajput; Christian Berg Oehlenschlæger; Michael Petersen; Mogens Brøndsted Nielsen,On the absorption of the phenolatechromophore in the green fluorescent protein—role of individual interactions,2009-11-25,2009,Chemical Communications,16,A5089659049|A5038359565|A5074711793|A5083198579|A5029411489|A5041325638|A5037360487|A5043761057
https://openalex.org/W3197787500,https://doi.org/10.1021/acsomega.1c03818,A5038432622,,Ahmed,Ashraf Ahmed; Salem Basfar; Theis I. Sølling; Salaheldin Elkatatny,Prevention of Hematite Settling in Water-Based Mud at High Pressure and High Temperature,2021-08-27,2021,ACS Omega,16,A5077257267|A5010513143|A5046818830
https://openalex.org/W4226494982,https://doi.org/10.1021/acs.energyfuels.2c00232,A5038432622,,Samarkin,Yevgeniy Samarkin; Murtada Saleh Aljawad; Abduljamiu O. Amao; Theis I. Sølling; Sidqi A. Abu-Khamsin; Shirish Patil; Murtadha J. AlTammar; Khalid M. Alruwaili,Carbonate Rock Chemical Consolidation Methods: Advancement and Applications,2022-04-04,2022,Energy & Fuels,16,A5025014497|A5002974432|A5027197211|A5027541537|A5005252413|A5067074454|A5024843025
https://openalex.org/W3015423791,https://doi.org/10.1016/j.petrol.2020.107263,A5038432622,,Adewunmi,Ahmad A. Adewunmi; Abduljamiu O. Amao; Muhammad Shahzad Kamal; Theis I. Sølling,Demulsification and breaking mechanism of variable quartz concentrates obtained from sand,2020-04-08,2020,Journal of Petroleum Science and Engineering,15,A5056606328|A5027197211|A5084940954
https://openalex.org/W4299348145,https://doi.org/10.1016/j.btre.2022.e00767,A5038432622,,Al-Kaabi,Nasser Al-Kaabi; Zulfa Al Disi; Mohammad A. Al‐Ghouti; Theis I. Sølling; Nabil Zouari,Interaction between indigenous hydrocarbon-degrading bacteria in reconstituted mixtures for remediation of weathered oil in soil,2022-10-02,2022,Biotechnology Reports,12,A5044150696|A5035371402|A5014968713|A5013723407
https://openalex.org/W4317548849,https://doi.org/10.1016/j.molliq.2023.121218,A5038432622,,Jaberi,Jaber Al Jaberi; Badr Bageri; Salaheldin Elkatatny; Theis I. Sølling,Performance of Perlite as viscosifier in manganese tetroxide water based-drilling fluid,2023-01-20,2023,Journal of Molecular Liquids,12,A5030821849|A5025636051|A5046818830
https://openalex.org/W4399363954,https://doi.org/10.1021/acs.jpclett.4c01116,A5038432622,,Venkatraman,Ravi Kumar Venkatraman; Amal Hassan Tolba; Theis I. Sølling; Radek Cibulka; Ahmed M. El‐Zohry,Ultrafast Events of Photoexcited Iron(III) Chloride for Activation of Benzylic C–H Bonds,2024-06-05,2024,The Journal of Physical Chemistry Letters,10,A5011769389|A5076124453|A5053743446|A5063047677
https://openalex.org/W4401502511,https://doi.org/10.1016/j.geoen.2024.213228,A5038432622,,Mohammed,Isah Mohammed; Søren W. Svenningsen; Fadhil S. Kamounah; Tao Chen; Michael Pittelkow; Theis I. Sølling; Mohamed Mahmoud,Calcium sulfate scale: A review of state-of-the-art,2024-08-12,2024,Geoenergy Science and Engineering,10,A5074832503|A5079298377|A5007894795|A5100357719|A5066170154|A5049649985
https://openalex.org/W2037754010,https://doi.org/10.1002/1439-7641(20020118)3:1<79::aid-cphc79>3.0.co;2-#,A5038432622,,Sølling,Theis I. Sølling; Eric Wei‐Guang Diau; Carsten Kötting; Steven De Feyter; Ahmed H. Zewail,Femtochemistry of Norrish Type‐I Reactions: IV. Highly Excited Ketones—Experimental,2002-01-14,2002,ChemPhysChem,75,A5034431427|A5061965371|A5068870927|A5077807260
https://openalex.org/W2042193664,https://doi.org/10.1021/jp046400g,A5038432622,,Cheng,Wei Cheng; Narayanan Kuthirummal; Jaimie Gosselin; Theis I. Sølling; R. Weinkauf; Peter Weber,"Control of Local Ionization and Charge Transfer in the Bifunctional Molecule 2-Phenylethyl-<i>N</i>,<i>N</i>-dimethylamine Using Rydberg Fingerprint Spectroscopy",2005-02-15,2005,The Journal of Physical Chemistry A,48,A5100811249|A5002629033|A5077038099|A5013310413|A5058193339
https://openalex.org/W2190108844,https://doi.org/10.1039/c5sc03616j,A5038432622,,Thompson,James O. Thompson; Liv B. Klein; Theis I. Sølling; Martin J. Paterson; Dave Townsend,The role of novel Rydberg-valence behaviour in the non-adiabatic dynamics of tertiary aliphatic amines,2015-12-09,2015,Chemical Science,39,A5066038125|A5009659097|A5048465219|A5063710426
https://openalex.org/W1984868215,https://doi.org/10.1021/ma0492465,A5038432622,,Breiby,Dag W. Breiby; Theis I. Sølling; Oliver Bunk; René Bøgelund Nyberg; Kion Norrman; M. Nielsen,Structural Surprises in Friction-Deposited Films of Poly(tetrafluoroethylene),2005-02-24,2005,Macromolecules,36,A5062169185|A5007447103|A5038711129|A5060497833|A5047040430
https://openalex.org/W2100689776,https://doi.org/10.1002/cphc.201300926,A5038432622,,Sølling,Theis I. Sølling; Thomas S. Kuhlman; Anne B. Stephansen; Liv B. Klein; Klaus B. Møller,The Non‐Ergodic Nature of Internal Conversion,2013-12-27,2013,ChemPhysChem,36,A5024410159|A5058309136|A5009659097|A5073264455
https://openalex.org/W2511811544,https://doi.org/10.1039/c6cp04494h,A5038432622,,Klein,Liv B. Klein; James O. Thompson; Stuart W. Crane; Lisa Saalbach; Theis I. Sølling; Martin J. Paterson; Dave Townsend,Ultrafast relaxation dynamics of electronically excited piperidine: ionization signatures of Rydberg/valence evolution,2016-01-01,2016,Physical Chemistry Chemical Physics,29,A5009659097|A5066038125|A5006447521|A5066734288|A5048465219|A5063710426
https://openalex.org/W1968851907,https://doi.org/10.1016/j.tet.2011.02.004,A5038432622,,Stuhr‐Hansen,Nicolai Stuhr‐Hansen; Theis I. Sølling; Lars Henriksen,Electrophilic organic selenium reagents—protonated seleninic acids as precursors for unsymmetrical aromatic selenides,2011-02-09,2011,Tetrahedron,28,A5010462696|A5040469727
https://openalex.org/W1980340344,https://doi.org/10.1002/anie.201303773,A5038432622,,Sørensen,Anne Sørensen; Brian Schou Rasmussen; Shubham Agarwal; Magnus Schau‐Magnussen; Theis I. Sølling; Michael Pittelkow,Conversion of Phenols into Selenophenols: Seleno Newman–Kwart Rearrangement,2013-09-17,2013,Angewandte Chemie International Edition,26,A5114162943|A5057432835|A5033214151|A5015066596|A5066170154
https://openalex.org/W1986005007,https://doi.org/10.1021/ja310540a,A5038432622,,Stephansen,Anne B. Stephansen; Rasmus Y. Brogaard; Thomas S. Kuhlman; Liv B. Klein; Jørn B. Christensen; Theis I. Sølling,Surprising Intrinsic Photostability of the Disulfide Bridge Common in Proteins,2012-12-04,2012,Journal of the American Chemical Society,26,A5058309136|A5077910252|A5024410159|A5009659097|A5045150424
https://openalex.org/W2594467559,https://doi.org/10.1039/c7ob00441a,A5038432622,,Jeppesen,Anne Jeppesen; Bjarne E. Nielsen; Dennis Larsen; Olivia M. Akselsen; Theis I. Sølling; Theis Brock‐Nannestad; Michael Pittelkow,Croconamides: a new dual hydrogen bond donating motif for anion recognition and organocatalysis,2017-01-01,2017,Organic & Biomolecular Chemistry,26,A5073342700|A5035485613|A5070683798|A5003968525|A5035308739|A5066170154
https://openalex.org/W2153289406,https://doi.org/10.1002/anie.201208197,A5038432622,,Kuhlman,Thomas S. Kuhlman; Michael Pittelkow; Theis I. Sølling; Klaus B. Møller,Pulling the Levers of Photophysics: How Structure Controls the Rate of Energy Dissipation,2013-01-16,2013,Angewandte Chemie International Edition,25,A5024410159|A5066170154|A5073264455
https://openalex.org/W2010273184,https://doi.org/10.1016/j.cplett.2009.11.001,A5038432622,,Rosenberg,Martin Rosenberg; Theis I. Sølling,Computational investigation of photo induced processes in alkyl nitrites and the product alkoxy radicals,2009-11-05,2009,Chemical Physics Letters,24,A5013005742
https://openalex.org/W2802473351,https://doi.org/10.1016/j.petrol.2018.05.013,A5038432622,,Al-Kaabi,Nasser Al-Kaabi; Mohammad A. Al‐Ghouti; Meriam Oualha; Mohammad Yousaf Mohammad; Aziza Al-Naemi; Theis I. Sølling; Noora Al-Shamari; Nabil Zouari,A MALDI-TOF study of bio-remediation in highly weathered oil contaminated soils,2018-05-05,2018,Journal of Petroleum Science and Engineering,23,A5044150696|A5014968713|A5108013881|A5003355090|A5081138238|A5110558936|A5013723407
https://openalex.org/W2072033384,https://doi.org/10.1002/chem.201002928,A5038432622,,Brogaard,Rasmus Y. Brogaard; Andrey E. Boguslavskiy; Oliver Schalk; G.D. Enright; Henning Hopf; Vitaly Raev; Peter G. Jones; Ditte Thomsen; Theis I. Sølling; Albert Stolow,Pseudo‐Bimolecular [2+2] Cycloaddition Studied by Time‐Resolved Photoelectron Spectroscopy,2011-03-01,2011,Chemistry - A European Journal,19,A5077910252|A5037126566|A5090390474|A5000480515|A5048836127|A5029782443|A5111376905|A5055364360|A5034159631
https://openalex.org/W2594463724,https://doi.org/10.1063/1.4977735,A5038432622,,Stephansen,Anne B. Stephansen; Theis I. Sølling,"Distortion dependent intersystem crossing: A femtosecond time-resolved photoelectron spectroscopy study of benzene, toluene, and p-xylene",2017-02-28,2017,Structural Dynamics,19,A5058309136
https://openalex.org/W2011053324,https://doi.org/10.1016/j.chemphys.2014.02.005,A5038432622,,Stephansen,Anne B. Stephansen; Martin A. B. Larsen; Liv B. Klein; Theis I. Sølling,On the photostability of the disulfide bond: An electronic or a structural property?,2014-02-24,2014,Chemical Physics,18,A5058309136|A5052455250|A5009659097
https://openalex.org/W2057924333,https://doi.org/10.1021/jp2072588,A5038432622,,Brogaard,Rasmus Y. Brogaard; Klaus B. Møller; Theis I. Sølling,Real-Time Probing of Structural Dynamics by Interaction between Chromophores,2011-09-29,2011,The Journal of Physical Chemistry A,18,A5077910252|A5073264455
https://openalex.org/W2313374161,https://doi.org/10.1021/jp1084197,A5038432622,,Brogaard,Rasmus Y. Brogaard; Theis I. Sølling; Klaus B. Møller,Initial Dynamics of The Norrish Type I Reaction in Acetone: Probing Wave Packet Motion,2011-01-13,2011,The Journal of Physical Chemistry A,18,A5077910252|A5073264455
https://openalex.org/W2005549928,https://doi.org/10.1016/j.tet.2010.11.062,A5038432622,,Hansen,Jon S. Hansen; Jørn B. Christensen; Theis I. Sølling; Palle Jakobsen; Thomas Høeg-Jensen,Ortho-substituted aryl monoboronic acids have improved selectivity for d-glucose relative to d-fructose and l-lactate,2010-11-25,2010,Tetrahedron,17,A5111694561|A5045150424|A5086340919|A5061239123
https://openalex.org/W3170993674,https://doi.org/10.1016/j.petrol.2021.109069,A5038432622,,Adewunmi,Ahmad A. Adewunmi; Muhammad Shahzad Kamal; Abduljamiu O. Amao; Theis I. Sølling,"Extracted quartz as efficient natural demulsifier for crude oil-water emulsions: Effect of monovalent/divalent salts, pH and modeling study",2021-06-09,2021,Journal of Petroleum Science and Engineering,17,A5056606328|A5084940954|A5027197211
https://openalex.org/W3212161832,https://doi.org/10.1007/s00603-021-02701-x,A5038432622,,Samarkin,Yevgeniy Samarkin; Abduljamiu O. Amao; Murtada Saleh Aljawad; Theis I. Sølling; Kion Norrman; Khalid Al–Ramadan; Murtadha J. AlTammar; Khalid M. Alruwaili,Hardness Enhancement of Carbonate Rocks by Formation of Smithsonite and Fluorite,2021-11-17,2021,Rock Mechanics and Rock Engineering,17,A5025014497|A5027197211|A5002974432|A5060497833|A5085007251|A5067074454|A5024843025
https://openalex.org/W2785444186,https://doi.org/10.1039/c8cp00235e,A5038432622,,Larsen,Martin A. B. Larsen; Anne B. Stephansen; Erkki Alarousu; Michael Pittelkow; Omar F. Mohammed; Theis I. Sølling,Solvent-dependent dual fluorescence of the push–pull system 2-diethylamino-7-nitrofluorene,2018-01-01,2018,Physical Chemistry Chemical Physics,16,A5052455250|A5058309136|A5014237049|A5066170154|A5009371496
https://openalex.org/W2896046352,https://doi.org/10.1063/1.5044402,A5038432622,,Coates,Michael R. Coates; Martin A. B. Larsen; Ruaridh Forbes; Simon P. Neville; Andrey E. Boguslavskiy; Iain Wilkinson; Theis I. Sølling; Rune Lausten; Albert Stolow; Michael S. Schuurman,"Vacuum ultraviolet excited state dynamics of the smallest ring, cyclopropane. II. Time-resolved photoelectron spectroscopy and <i>ab initio</i> dynamics",2018-10-12,2018,The Journal of Chemical Physics,16,A5071726958|A5052455250|A5040559676|A5049152065|A5037126566|A5024645498|A5108141359|A5034159631|A5036001490
https://openalex.org/W2114529775,https://doi.org/10.1039/c2cp40819h,A5038432622,,Brogaard,Rasmus Y. Brogaard; Oliver Schalk; Andrey E. Boguslavskiy; G.D. Enright; Henning Hopf; Vitaly Raev; Eliza Tarcoveanu; Theis I. Sølling; Albert Stolow,The Paternò–Büchi reaction: importance of triplet states in the excited-state reaction pathway,2012-01-01,2012,Physical Chemistry Chemical Physics,15,A5077910252|A5090390474|A5037126566|A5000480515|A5048836127|A5029782443|A5007224932|A5034159631
https://openalex.org/W4312220303,https://doi.org/10.1021/acsomega.2c05755,A5038432622,,AlBoraikan,Reem AlBoraikan; Badr Bageri; Theis I. Sølling,Innovative Applications of Red Mud: Converting an Environmental Challenge to a Drilling Asset,2022-12-26,2022,ACS Omega,14,A5070611349|A5025636051
https://openalex.org/W4321611009,https://doi.org/10.2118/214657-pa,A5038432622,,Samarkin,Yevgeniy Samarkin; Abduljamiu O. Amao; Murtada Saleh Aljawad; Theis I. Sølling; Khalid Al–Ramadan; Murtadha J. AlTammar; Khalid M. Alruwaili,Conductivity Enhancement of Fractured Carbonates through High-Temperature Diammonium Hydrogen Phosphate Consolidation: A Preliminary Study,2023-02-23,2023,SPE Journal,13,A5025014497|A5027197211|A5002974432|A5085007251|A5067074454|A5024843025
https://openalex.org/W2944006571,https://doi.org/10.1002/cptc.201900088,A5038432622,,Skov,Anders B. Skov; Nicolai Ree; Anders S. Gertsen; Pavel Chábera; Jens Uhlig; Jonas Sandby Lissau; Luigi Nucci; Tõnu Pullerits; Kurt V. Mikkelsen; Mogens Brøndsted Nielsen; Theis I. Sølling; Thorsten Hansen,Excited‐State Topology Modifications of the Dihydroazulene Photoswitch Through Aromaticity,2019-05-08,2019,ChemPhotoChem,12,A5025299860|A5060684421|A5030929537|A5020640414|A5038047169|A5069895128|A5058132235|A5042720859|A5067042195|A5043761057|A5045835833
https://openalex.org/W2886640288,https://doi.org/10.1002/cphc.201800610,A5038432622,,Larsen,Martin A. B. Larsen; Anders B. Skov; Christian M. Clausen; Jennifer M. Ruddock; Brian Stankus; Peter Weber; Theis I. Sølling,Putting the Disulfide Bridge at Risk: How UV‐C Radiation Leads to Ultrafast Rupture of the S‐S Bond,2018-08-07,2018,ChemPhysChem,11,A5052455250|A5025299860|A5068637104|A5011520668|A5003784974|A5058193339
https://openalex.org/W2895541347,https://doi.org/10.1021/acs.energyfuels.8b02422,A5038432622,,Norrman,Kion Norrman; Theis I. Sølling; Marcel Ceccato; Eugen Stamate; N. Bovet; S. L. S. Stipp,Chemical Composition and Structure of Adsorbed Material on Pore Surfaces in Middle East Reservoir Rocks,2018-10-01,2018,Energy & Fuels,11,A5060497833|A5021270281|A5068801690|A5062838719|A5033294068
https://openalex.org/W3128211510,https://doi.org/10.1029/2020ea001432,A5038432622,,Hanafy,Sherif M. Hanafy; Pantelis Soupios; Alexandros Stampolidis; Christian Koch; Khalid Al‐Ramadan; Abdullatif Al‐Shuhail; Theis I. Sølling; Ignatius Argadestya,"Comprehensive Geophysical Study at Wabar Crater, Rub Al‐Khali Desert, Saudi Arabia",2021-09-01,2021,Earth and Space Science,10,A5077467560|A5008213975|A5017749705|A5013919197|A5104094821|A5054922583|A5077816186
https://openalex.org/W3092498621,https://doi.org/10.1021/acs.energyfuels.0c02329,A5038432622,,Norrman,Kion Norrman; Kristian B. Olesen; M. Zimmermann; R. BEN FADHEL; Pieter Vijn; Theis I. Sølling,Isolation and Characterization of Surface-Active Components in Crude Oil—Toward Their Application as Demulsifiers,2020-10-05,2020,Energy & Fuels,8,A5060497833|A5011785521|A5080536115|A5064581896|A5026192610
https://openalex.org/W3164237075,https://doi.org/10.1002/chem.202100939,A5038432622,,Staudt,Markus Staudt; Theis I. Sølling; Lennart Bunch,Synthesis of Polysubstituted <i>Meta</i>‐Halophenols by Anion‐Accelerated 2π‐Electrocyclic Ring Opening,2021-05-27,2021,Chemistry - A European Journal,8,A5087675031|A5058963077
https://openalex.org/W3211211411,https://doi.org/10.1021/acsomega.1c04035,A5038432622,,Sølling,Theis I. Sølling,Nonstatistical Photoinduced Processes in Gaseous Organic Molecules,2021-10-26,2021,ACS Omega,8,
https://openalex.org/W4212864096,https://doi.org/10.2523/iptc-22496-ms,A5038432622,,Samarkin,Yevgeniy Samarkin; Murtada Saleh Aljawad; Abduljamiu O. Amao; Theis I. Sølling; Khalid Al–Ramadan; Sidqi A. Abu-Khamsin; Shirish Patil; Murtadha J. AlTammar; Khalid M. Alruwaili,Hydraulic Fracture Conductivity Sustenance in Carbonate Formations Through Rock Strengthening by DAP Solution,2022-02-21,2022,International Petroleum Technology Conference,7,A5025014497|A5002974432|A5027197211|A5085007251|A5027541537|A5005252413|A5067074454|A5024843025
https://openalex.org/W4384207547,https://doi.org/10.2118/215857-pa,A5038432622,,Desouky,Mahmoud Desouky; Murtada Saleh Aljawad; Abduljamiu O. Amao; Theis I. Sølling; Abdulazeez Abdulraheem; Murtadha J. AlTammar; Khalid M. Alruwaili,"Enhancing Fracture Conductivity in Soft Chalk Formations With Diammonium Phosphate Treatment: A Study at High Temperature, Pressure, and Stresses",2023-07-13,2023,SPE Journal,7,A5017097772|A5002974432|A5027197211|A5053834729|A5067074454|A5024843025
https://openalex.org/W4386423732,https://doi.org/10.1021/acs.energyfuels.3c01937,A5038432622,,El‐Zohry,Ahmed M. El‐Zohry; Theis I. Sølling,Mini-Review on Water–Oil Emulsions through Vibrational Sum Frequency Generation,2023-09-04,2023,Energy & Fuels,6,A5063047677
https://openalex.org/W4391220132,https://doi.org/10.1021/acs.energyfuels.3c04569,A5038432622,,Sølling,Theis I. Sølling; Ahmed M. El‐Zohry; A. H. M. Emon Ali; Steven Baldelli; J. L. Beauchamp,Tools to Investigate Structure at Hydrocarbon–Air Interfaces: Field-Induced Droplet Ionization Mass Spectrometry and Sum-Frequency Generation with Pulsed Lasers,2024-01-25,2024,Energy & Fuels,6,A5063047677|A5104234184|A5084313270|A5085620752
https://openalex.org/W4387470844,https://doi.org/10.2118/214856-ms,A5038432622,,Samarkin,Yevgeniy Samarkin; Murtada Saleh Aljawad; Theis I. Sølling; Abduljamiu O. Amao; Murtadha J. AlTammar; Khalid M. Alruwaili,Diammonium Hydrogen Phosphate Treatment for Sustaining Long-Term Acid Fracture Conductivity of Chalk Formations,2023-10-09,2023,SPE Annual Technical Conference and Exhibition,5,A5025014497|A5002974432|A5027197211|A5067074454|A5024843025
https://openalex.org/W4392918132,https://doi.org/10.1038/s41598-024-57120-z,A5038432622,,Desouky,Mahmoud Desouky; Murtada Saleh Aljawad; Abduljamiu O. Amao; Theis I. Sølling; Dhafer Al Shehri; Murtadha J. AlTammar; Khalid M. Alruwaili,"Temperature, pressure, and duration impacts on the optimal stiffening of carbonates aged in diammonium phosphate solution",2024-03-18,2024,Scientific Reports,4,A5017097772|A5002974432|A5027197211|A5024608621|A5067074454|A5024843025
https://openalex.org/W2034127771,https://doi.org/10.1021/la049944i,A5038432622,,Laursen,Bo W. Laursen; Kasper Nørgaard; Niels Reitzel; Jens B. Simonsen; Christian B. Nielsen; J. Als‐Nielsen; Thomas Bjørnholm; Theis I. Sølling; M. Nielsen; Oliver Bunk; Kristian Kjær; Natalia Tchebotareva; Mark D. Watson; Kläus Müllen; Jorge Piris,Macroscopic Alignment of Graphene Stacks by Langmuir−Blodgett Deposition of Amphiphilic Hexabenzocoronenes,2004-04-09,2004,Langmuir,47,A5004002875|A5075878099|A5013955637|A5007635416|A5090427477|A5014013566|A5023956089|A5047040430|A5007447103|A5105466304|A5029139489|A5089738868|A5072097825|A5079256986
https://openalex.org/W1975865146,https://doi.org/10.1021/ja984077n,A5038432622,,Hammerum,Steen Hammerum; Theis I. Sølling,The Proton Affinities of Imines and the Heats of Formation of Immonium Ions Investigated with Composite ab Initio Methods,1999-06-01,1999,Journal of the American Chemical Society,41,A5010769542
https://openalex.org/W2018564221,https://doi.org/10.1002/adfm.200305046,A5038432622,,Debije,Michael G. Debije; M.P. de Haas; John M. Warman; Margherita Fontana; N. Stutzmann; Per Magnus Kristiansen; Walter Caseri; Paul Smith; Sven Olaf Hoffmann; Theis I. Sølling,"Optoelectronic Properties of Quasi‐Linear, Self‐Assembled Platinum Complexes: Pt–Pt Distance Dependence",2004-04-01,2004,Advanced Functional Materials,29,A5048398240|A5113594153|A5064866811|A5047703543|A5108087290|A5043423319|A5008686290|A5111871638|A5101565714
https://openalex.org/W2070937232,https://doi.org/10.1002/(sici)1521-3765(19990201)5:2<509::aid-chem509>3.0.co;2-m,A5038432622,,Sølling,Theis I. Sølling; S.B. Wild; Leo Radom,Are Pi-Ligand Exchange Reactions of Thiirenium and Thiiranium Ions Feasible? An Ab Initio Investigation,1999-02-01,1999,Chemistry - A European Journal,26,A5107949064|A5056558829
https://openalex.org/W2415178457,https://doi.org/10.1021/acs.jpca.5b09125,A5038432622,,Larsen,Martin A. B. Larsen; Jan Thøgersen; Anne B. Stephansen; Jörge Peón; Theis I. Sølling; S. R. Keiding,Transient IR Spectroscopic Observation of Singlet and Triplet States of 2-Nitrofluorene: Revisiting the Photophysics of Nitroaromatics,2015-12-15,2015,The Journal of Physical Chemistry A,26,A5052455250|A5035525345|A5058309136|A5072460911|A5052221796
https://openalex.org/W1988080989,https://doi.org/10.1039/b712757j,A5038432622,,Simonsen,Jens B. Simonsen; N. Rusteika; Matthew S. Johnson; Theis I. Sølling,Atmospheric photochemical loss of H and H<sub>2</sub>from formaldehyde: the relevance of ultrafast processes,2007-11-15,2007,Physical Chemistry Chemical Physics,21,A5007635416|A5040939479|A5105410956
https://openalex.org/W2037527173,https://doi.org/10.1021/jp102393g,A5038432622,,Rosenberg,Martin Rosenberg; Michael P. Minitti; N. Rusteika; Christer Z. Bisgaard; Sanghamitra Deb; Peter Weber; Theis I. Sølling,Probing the Lifetimes of Internally Excited Amyl Nitrite Cations,2010-06-11,2010,The Journal of Physical Chemistry A,21,A5013005742|A5052804460|A5040939479|A5113691284|A5043674730|A5058193339
https://openalex.org/W2898842379,https://doi.org/10.1039/c8cp05950k,A5038432622,,Waters,Max D. J. Waters; Anders B. Skov; Martin A. B. Larsen; Christian M. Clausen; Peter Weber; Theis I. Sølling,Symmetry controlled excited state dynamics,2018-10-30,2018,Physical Chemistry Chemical Physics,16,A5025017238|A5025299860|A5052455250|A5068637104|A5058193339
https://openalex.org/W3042267302,https://doi.org/10.1016/j.jcis.2020.07.042,A5038432622,,Fogang,Lionel Talley Fogang; Theis I. Sølling; Jan Skov Pedersen; Muhammad Shahzad Kamal; Abdullah S. Sultan,Real-time monitoring of oil-induced micellar transitions in viscoelastic surfactants by small-angle X-ray scattering,2020-07-13,2020,Journal of Colloid and Interface Science,11,A5046182468|A5075943573|A5084940954|A5023484800
https://openalex.org/W2965119635,https://doi.org/10.1016/j.petrol.2019.106307,A5038432622,,Olesen,Kristian B. Olesen; Lionel Talley Fogang; Gustav Palm-Henriksen; Nayef Alyafei; Theis I. Sølling,"How a range of metal ions influence the interfacial tension of n-decane/carboxylic acid/water systems: The impact of concentration, molecular- and electronic structure",2019-07-31,2019,Journal of Petroleum Science and Engineering,10,A5011785521|A5046182468|A5091626156|A5059326839
https://openalex.org/W2324093257,https://doi.org/10.1021/jo502488e,A5038432622,,Park,Jiyong Park; Hung Viet Pham; Kristian Mogensen; Theis I. Sølling; Martin V. Bennetzen; K. N. Houk,Hydrocarbon Binding by Proteins: Structures of Protein Binding Sites for ≥C<sub>10</sub> Linear Alkanes or Long-Chain Alkyl and Alkenyl Groups,2014-12-19,2014,The Journal of Organic Chemistry,9,A5100625761|A5101414960|A5076475985|A5024910225|A5042178740
https://openalex.org/W2912747699,https://doi.org/10.1063/1.5079721,A5038432622,,Larsen,Martin A. B. Larsen; Theis I. Sølling; Ruaridh Forbes; Andrey E. Boguslavskiy; Varun Makhija; K. Veyrinas; Rune Lausten; Albert Stolow; Magdalena M. Zawadzki; Lisa Saalbach; Νικολέτα Κωτσίνα; Martin J. Paterson; Dave Townsend,Vacuum ultraviolet excited state dynamics of small amides,2019-02-05,2019,The Journal of Chemical Physics,9,A5052455250|A5040559676|A5037126566|A5089398902|A5024024778|A5108141359|A5034159631|A5059465484|A5066734288|A5038217947|A5048465219|A5063710426
https://openalex.org/W2983973622,https://doi.org/10.2118/197839-ms,A5038432622,,Majeed,Talha Majeed; Muhammad Shahzad Kamal; Theis I. Sølling; Ahmad Mahboob; Xianmin Zhou,Performance Evaluation of Novel Polymers for CO2 Foam Enhanced Oil Recovery,2019-11-08,2019,,9,A5079272625|A5084940954|A5066251556|A5081101199
https://openalex.org/W3119223630,https://doi.org/10.1016/j.sedgeo.2020.105846,A5038432622,,Blinkenberg,Kasper H. Blinkenberg; Kresten Anderskouv; Theis I. Sølling; Khalid Al–Ramadan; Lars Stemmerik,"The influence of silica on carbonate diagenesis in chalk – Ekofisk Formation, Danish Central Graben",2021-01-08,2021,Sedimentary Geology,8,A5016316987|A5089115139|A5085007251|A5089509070
https://openalex.org/W3035985717,https://doi.org/10.1080/00268976.2020.1764645,A5038432622,,Olesen,Kristian B. Olesen; Anne-Sofie Dahl Pedersen; Lasse V. Nikolajsen; Martin Andersson; Theis I. Sølling; Stephan P. A. Sauer; Kurt V. Mikkelsen,Interfacial tension in water/n-decane/naphthenic acid systems predicted by a combined COSMO-RS theory and pendant drop experimental study,2020-06-16,2020,Molecular Physics,7,A5011785521|A5090330762|A5016950172|A5077671600|A5086252340|A5067042195
https://openalex.org/W4200054012,https://doi.org/10.2118/208118-ms,A5038432622,,Samarkin,Yevgeniy Samarkin; Murtada Saleh Aljawad; Abduljamiu O. Amao; Theis I. Sølling; Khalid Al–Ramadan; Murtadha J. AlTammar; Khalid M. Alruwaili,Improving Long-Term Hydraulic Fracture Conductivity in Carbonate Formations by Substitution of Harder Minerals,2021-12-09,2021,,7,A5025014497|A5002974432|A5027197211|A5085007251|A5067074454|A5024843025
https://openalex.org/W3199949428,https://doi.org/10.1021/acs.jpclett.1c02334,A5038432622,,Waters,Max D. J. Waters; Wenpeng Du; Andrés Moreno Carrascosa; Brian Stankus; Martina Cacciarini; Peter Weber; Theis I. Sølling,Transient Symmetry Controls Photo Dynamics near Conical Intersections,2021-09-16,2021,The Journal of Physical Chemistry Letters,6,A5025017238|A5067232662|A5062599656|A5003784974|A5021381117|A5058193339
https://openalex.org/W3213237785,https://doi.org/10.1007/s13369-021-06336-6,A5038432622,,Basfar,Salem Basfar; Ashraf Ahmed; Theis I. Sølling; Salaheldin Elkatatny,Using Manganese Tetroxide for Hematite Settling Prevention in Water-Based Mud,2021-11-09,2021,Arabian Journal for Science and Engineering,6,A5010513143|A5077257267|A5046818830
https://openalex.org/W4282022852,https://doi.org/10.2118/209702-ms,A5038432622,,Desouky,Mahmoud Desouky; Ayyaz Mustafa; Murtada Saleh Aljawad; Theis I. Sølling; Jack Dvorkin,Sustaining Wormholes Mechanical Stability in Weak Acidized Carbonates Using Consolidants,2022-06-06,2022,,6,A5017097772|A5036132039|A5002974432|A5038543186
https://openalex.org/W4360985713,https://doi.org/10.1007/s00603-023-03285-4,A5038432622,,Mustafa,Ayyaz Mustafa; Mahmoud Desouky; Murtada Saleh Aljawad; Theis I. Sølling; Jack Dvorkin,Sustaining Wormholes Mechanical Stability in Weak Acidized Carbonates Using Consolidants,2023-03-12,2023,Rock Mechanics and Rock Engineering,6,A5036132039|A5017097772|A5002974432|A5038543186
https://openalex.org/W2802259486,https://doi.org/10.1039/c8cp01419a,A5038432622,,Skov,Anders B. Skov; Martin A. B. Larsen; Mikkel Baldtzer Liisberg; Thorsten Hansen; Theis I. Sølling,Conformationally controlled ultrafast intersystem crossing in bithiophene systems,2018-01-01,2018,Physical Chemistry Chemical Physics,5,A5025299860|A5052455250|A5043397392|A5045835833
https://openalex.org/W2886306437,https://doi.org/10.1016/j.chemphys.2018.07.051,A5038432622,,Petersen,Allan C. Petersen; Theis I. Sølling; Max D. J. Waters,Symmetry-induced kinetic isotope effects in the dissociation dynamics of CHCl3+ and CHCl4−,2018-08-01,2018,Chemical Physics,5,A5058288251|A5025017238
https://openalex.org/W4377030326,https://doi.org/10.1016/j.geoen.2023.211930,A5038432622,,Binabdi,Ali Binabdi; Theis I. Sølling; Ahmed M. El‐Zohry; Subhash Ayirala; Ahmed Gmira; Ali A. Yousef,Fundamentals of crystallization at oil-brine interfaces for conformance control and oil spill remediation applications,2023-05-18,2023,Geoenergy Science and Engineering,5,A5009409541|A5063047677|A5000730708|A5023474641|A5109939493
https://openalex.org/W2606807413,https://doi.org/10.1016/j.cplett.2017.04.030,A5038432622,,Larsen,Martin A. B. Larsen; Anne B. Stephansen; Theis I. Sølling,Coherent motion of excited state cyclic ketones: The have and the have-nots,2017-04-20,2017,Chemical Physics Letters,4,A5052455250|A5058309136
https://openalex.org/W2898150319,https://doi.org/10.1021/acs.jpca.8b06728,A5038432622,,Schalk,Oliver Schalk; Martin A. B. Larsen; Anders B. Skov; Mikkel Baldtzer Liisberg; T. Geng; Theis I. Sølling; Richard Thomas,"Time-Resolved Photoelectron Studies of Thiophene and 2,5-Dimethylthiophene",2018-10-24,2018,The Journal of Physical Chemistry A,4,A5090390474|A5052455250|A5025299860|A5043397392|A5111048060|A5054773711
https://openalex.org/W4381618930,https://doi.org/10.1016/j.geoen.2023.212022,A5038432622,,AL-Dogail,Ala AL-Dogail; Rahul Gajbhiye; Abdullah S. Sultan; Theis I. Sølling; Shirish Patil; Abdelsalam Al‐Sarkhi,Development of emulsified acid system (EAS) using organoclays (OC): Rheology and implication to the acidizing,2023-06-22,2023,Geoenergy Science and Engineering,4,A5058048471|A5029149528|A5023484800|A5005252413|A5065211444
https://openalex.org/W4386246913,https://doi.org/10.1016/j.geoen.2023.212287,A5038432622,,Bageri,Badr Bageri; Jaber Al Jaberi; Abdulrauf R. Adebayo; Assad Barri; Theis I. Sølling; Rahul B. Salin,Understanding the complexity of secondary formation damage: Mechanism and detection strategies during filter cake removal process,2023-08-29,2023,Geoenergy Science and Engineering,4,A5025636051|A5030821849|A5010595990|A5113878758|A5019355087
https://openalex.org/W4406386954,https://doi.org/10.1126/sciadv.adp9175,A5038432622,,Ma,Lingyu Ma; Wenpeng Du; Haiwang Yong; Brian Stankus; Jennifer M. Ruddock; Andrés Moreno Carrascosa; Nathan Goff; Yu Chang; Nikola Zotev; Darren Bellshaw; Thomas J. Lane; Mengning Liang; Sébastien Boutet; Sergio Carbajo; Joseph S. Robinson; Jason E. Koglin; Michael P. Minitti; Adam Kirrander; Theis I. Sølling; Peter Weber,Revealing the reaction path of UVC bond rupture in cyclic disulfides with ultrafast x-ray scattering,2025-01-15,2025,Science Advances,3,A5102749968|A5067232662|A5029402835|A5003784974|A5011520668|A5062599656|A5084434008|A5044307388|A5069610685|A5020564689|A5017550931|A5101573501|A5002292798|A5001587799|A5112143689|A5055583239|A5052804460|A5052145152|A5058193339
https://openalex.org/W4388485681,https://doi.org/10.1021/acsomega.3c06297,A5038432622,,AL-Dogail,Ala AL-Dogail; Rahul Gajbhiye; Theis I. Sølling; Abdullah S. Sultan; Shirish Patil; Abdelsalam Al‐Sarkhi,Novel Environmentally Friendly Nanomaterials for Drag Reduction of the Emulsified Acid System,2023-11-08,2023,ACS Omega,2,A5058048471|A5029149528|A5023484800|A5005252413|A5065211444
https://openalex.org/W4404599349,https://doi.org/10.1021/acs.langmuir.4c03115,A5038432622,,Sølling,Theis I. Sølling; Martin Andersson; Safwat Abdel‐Azeim; Ahmed M. El‐Zohry; J. L. Beauchamp,Transition Metal Ions in Solution: Complexed Ion Speciation at the Air–Liquid Interface,2024-11-21,2024,Langmuir,2,A5077671600|A5056134895|A5063047677|A5085620752
https://openalex.org/W4411164389,https://doi.org/10.1021/acs.langmuir.5c02560,A5038432622,,Sølling,Theis I. Sølling; Safwat Abdel‐Azeim; Ahmed M. El‐Zohry; Syed Muhammad Shakil Hussain,Involvement of Hypervalent Nitrogen in the Unique Interfacial Reactivity of Gemini Cationic Surfactants: An Interface-Sensitive Mass Spectrometry Study,2025-06-10,2025,Langmuir,2,A5056134895|A5063047677|A5022552999
https://openalex.org/W2021243962,https://doi.org/10.1021/ja980494o,A5038432622,,Sølling,Theis I. Sølling; Mark A. McDonald; S. Bruce Wild; Leo Radom,Novel Pi−Ligand Exchange and Insertion Reactions Involving Three-Membered Phosphorus Heterocycles:  An ab Initio Investigation,1998-07-01,1998,Journal of the American Chemical Society,27,A5037880618|A5000162694|A5056558829
https://openalex.org/W2055752132,https://doi.org/10.1016/s1387-3806(01)00426-2,A5038432622,,Sølling,Theis I. Sølling; Addy Pross; Leo Radoma,A high-level ab initio investigation of identity and nonidentity gas-phase SN2 reactions of halide ions with halophosphines,2001-09-01,2001,International Journal of Mass Spectrometry,25,A5080719634|A5001769800
https://openalex.org/W1978212065,https://doi.org/10.1021/jp030797r,A5038432622,,Sølling,Theis I. Sølling; Carsten Kötting; Ahmed H. Zewail,Dynamics of Molecules near Ionization,2003-11-21,2003,The Journal of Physical Chemistry A,24,A5061965371|A5077807260
https://openalex.org/W2139367368,https://doi.org/10.1063/1.1411998,A5038432622,,Sølling,Theis I. Sølling; David M. Smith; Leo Radom; Mark A. Freitag; Mark S. Gordon,Towards multireference equivalents of the G2 and G3 methods,2001-11-15,2001,The Journal of Chemical Physics,23,A5089101358|A5056558829|A5108269520|A5010977651
https://openalex.org/W1997941880,https://doi.org/10.1021/ic991080e,A5038432622,,Sølling,Theis I. Sølling; S. Bruce Wild; Leo Radom,A G2 Ab Initio Investigation of Ligand-Exchange Reactions Involving Mono- and Bis-Adducts of the Phosphenium Ion,1999-12-01,1999,Inorganic Chemistry,22,A5000162694|A5056558829
https://openalex.org/W2031822478,https://doi.org/10.1021/jp013216b,A5038432622,,Kötting,Carsten Kötting; Eric Wei‐Guang Diau; Theis I. Sølling; Ahmed H. Zewail,"Coherent Dynamics in Complex Elimination Reactions:  Experimental and Theoretical Femtochemistry of 1,3-Dibromopropane and Related Systems<sup>,</sup>",2001-12-14,2001,The Journal of Physical Chemistry A,20,A5061965371|A5034431427|A5077807260
https://openalex.org/W2033967819,https://doi.org/10.1039/b504967a,A5038432622,,Pittelkow,Michael Pittelkow; Jørn B. Christensen; Theis I. Sølling,Substituent effects on the stability of extended benzylic carbocations: a computational study of conjugation,2005-01-01,2005,Organic & Biomolecular Chemistry,16,A5066170154|A5045150424
https://openalex.org/W1977517571,https://doi.org/10.1021/ja043481l,A5038432622,,Hammerum,Steen Hammerum; Kion Norrman; Theis I. Sølling; Peter E. Andersen; Lars Bo Jensen; Tore Vulpius,Competing Simple Cleavage Reactions:  The Elimination of Alkyl Radicals from Amine Radical Cations,2005-04-06,2005,Journal of the American Chemical Society,15,A5010769542|A5060497833|A5105922751|A5102266273|A5056927755
https://openalex.org/W2068374818,https://doi.org/10.1002/1521-3765(20010401)7:7<1516::aid-chem1516>3.0.co;2-q,A5038432622,,Sølling,Theis I. Sølling; Leo Radom,A G2 Study of SH+ Exchange Reactions Involving Lone-Pair Donors and Unsaturated Hydrocarbons,2001-04-01,2001,Chemistry - A European Journal,13,A5056558829
https://openalex.org/W1964617564,https://doi.org/10.1021/jp902492p,A5038432622,,Kuhlman,Thomas S. Kuhlman; H. Lemke; Theis I. Sølling; Gustavo F. Velardez; Niels E. Henriksen; Klaus B. Møller,Comment on “Theoretical Investigation of Perylene Dimers and Excimers and Their Signatures in X-Ray Diffraction”,2009-05-22,2009,The Journal of Physical Chemistry A,11,A5024410159|A5056905162|A5014801763|A5032739923|A5073264455
https://openalex.org/W1998427523,https://doi.org/10.1016/j.cplett.2009.07.067,A5038432622,,Kuhlman,Thomas S. Kuhlman; Kurt V. Mikkelsen; Klaus B. Møller; Theis I. Sølling,Charge-resonance excitations in symmetric molecules – Comparison of linear response DFT with CC3 for the excited states of a model dimer,2009-07-26,2009,Chemical Physics Letters,11,A5024410159|A5067042195|A5073264455
https://openalex.org/W2025583654,https://doi.org/10.1016/j.chemphys.2014.02.017,A5038432622,,Klein,Liv B. Klein; Theis I. Sølling,Internal conversion mediated by specific nuclear motions: The nitrogen inversion in amines,2014-03-28,2014,Chemical Physics,11,A5009659097
https://openalex.org/W2135377985,https://doi.org/10.1002/anie.200601298,A5038432622,,Pittelkow,Michael Pittelkow; T.K. Reenberg; Kim T. Nielsen; M.J. Magnussen; Theis I. Sølling; Frederik C. Krebs; Jørn B. Christensen,"Synthesis, Structure, and Properties of 4,7‐Dimethoxybenzo[<i>c</i>]tellurophene: A Molecular Pyroelectric Material",2006-07-21,2006,Angewandte Chemie International Edition,11,A5066170154|A5083356847|A5072430241|A5086943717|A5088635289|A5045150424
https://openalex.org/W2090444359,https://doi.org/10.1016/s1387-3806(98)14138-6,A5038432622,,Sølling,Theis I. Sølling; Leo Radom,Exchange reactions of chloriranium and chlorirenium ions: a G2 investigation,1999-04-01,1999,International Journal of Mass Spectrometry,10,A5056558829
https://openalex.org/W1988612437,https://doi.org/10.1021/jp807227e,A5038432622,,Rusteika,N. Rusteika; Rasmus Y. Brogaard; Theis I. Sølling; Fedor Rudakov; Peter Weber,Excited-State Ions in Femtosecond Time-Resolved Mass Spectrometry: An Investigation of Highly Excited Chloroamines,2008-12-10,2008,The Journal of Physical Chemistry A,9,A5040939479|A5077910252|A5080651128|A5058193339
https://openalex.org/W2071730989,https://doi.org/10.2523/iptc-17639-ms,A5038432622,,Finlay,S. Finlay; Xiomara Marquez; Theis I. Sølling; Noureddine Bounoua; T. Gagigi,"Multi-Scale Carbonate Reservoir Characterisation and Artificial Neural Networks Reveals Complexity in the Shuaiba Reservoir, Al Shaheen Field",2014-01-19,2014,International Petroleum Technology Conference,8,A5065763597|A5030342292|A5052210028|A5071618234
https://openalex.org/W2518184453,https://doi.org/10.1039/c6cp04046b,A5038432622,,Stephansen,Anne B. Stephansen; Martin A. B. Larsen; Theis I. Sølling,The involvement of triplet receiver states in the ultrafast excited state processes of small esters,2016-01-01,2016,Physical Chemistry Chemical Physics,8,A5058309136|A5052455250
https://openalex.org/W2759916886,https://doi.org/10.1016/j.petrol.2017.09.061,A5038432622,,Muñoz,Alberto Viñas Muñoz; Theis I. Sølling,Imaging emulsions: The effect of salinity on North Sea oils,2017-09-28,2017,Journal of Petroleum Science and Engineering,7,A5087715288
https://openalex.org/W2898280521,https://doi.org/10.1039/c8cp04903c,A5038432622,,Andersen,Mads P. Sulbæk Andersen; Theis I. Sølling; Lene Løffler Andersen; Aleksandra Volkova; Dvien Hovanessian; Connor Britzman; Ole John Nielsen; Timothy J. Wallington,"Atmospheric chemistry of (<i>Z</i>)-CF<sub>3</sub>CHCHCl: products and mechanisms of the Cl atom, OH radical and O<sub>3</sub>reactions, and role of (<i>E</i>)–(<i>Z</i>) isomerization",2018-01-01,2018,Physical Chemistry Chemical Physics,7,A5064830322|A5102803450|A5064817071|A5047554469|A5015463252|A5060528328|A5029894864
https://openalex.org/W3000466462,https://doi.org/10.1016/j.petrol.2020.106953,A5038432622,,Sølling,Theis I. Sølling; Kristian B. Olesen; Gustav Palm-Henriksen; Safwat Abdel‐Azeim; Anders B. Skov,Crystalizing the interface – The first X-Ray structure of an oil/surfactant/brine transition layer,2020-01-16,2020,Journal of Petroleum Science and Engineering,7,A5011785521|A5091626156|A5056134895|A5025299860
https://openalex.org/W4245416958,https://doi.org/10.1007/978-3-030-70026-3,A5038432622,,Sølling,Theis I. Sølling; Muhammad Shahzad Kamal; Syed Muhammad Shakil Hussain,Surfactants in Upstream E&amp;P,2021-01-01,2021,Petroleum engineering,7,A5084940954|A5022552999
https://openalex.org/W2888555843,https://doi.org/10.1021/acsomega.8b01400,A5038432622,,Lemke,H. Lemke; Dag W. Breiby; Tine Ejdrup; Peter Hammershøj; Marco Cammarata; Dmitry Khakhulin; N. Rusteika; Shin‐ichi Adachi; Shin‐ya Koshihara; Thomas S. Kuhlman; S. O. Mariager; Thomas Nørskov Nielsen; Michaël Wulff; Theis I. Sølling; Niels Harrit; R. Feidenhans’l; M. Nielsen,Tuning and Tracking of Coherent Shear Waves in Molecular Films,2018-08-24,2018,ACS Omega,6,A5056905162|A5062169185|A5065685433|A5110478539|A5008947213|A5027141373|A5040939479|A5031074186|A5074641872|A5024410159|A5083682740|A5084662991|A5033227759|A5029574170|A5034651307|A5047040430
https://openalex.org/W2168247596,https://doi.org/10.1016/j.comptc.2015.09.015,A5038432622,,Sølling,Theis I. Sølling; Akin Budi; Kristian Mogensen,"The competition between H 2 O and CO 2 adhesion at reservoir conditions: A DFT study of simple mineral models and the entropy, ZPE, dispersion and T , P variations",2015-09-25,2015,Computational and Theoretical Chemistry,5,A5045078849|A5076475985
https://openalex.org/W2884184946,https://doi.org/10.1021/acs.jpca.8b06064,A5038432622,,Lissau,Jonas Sandby Lissau; Alberto Viñas Muñoz; Henrik Gotfredsen; Martyn Jevric; Mogens Brøndsted Nielsen; Theis I. Sølling,Conformational Impact on Energy Storage Efficiency of Subphthalocyanine–Fullerene Hybrids,2018-07-24,2018,The Journal of Physical Chemistry A,5,A5069895128|A5087715288|A5024941339|A5070973525|A5043761057
https://openalex.org/W2906424546,https://doi.org/10.1063/1.5079265,A5038432622,,Sølling,Theis I. Sølling; Klaus B. Møller,Perspective: Preservation of coherence in photophysical processes,2018-11-01,2018,Structural Dynamics,5,A5073264455
https://openalex.org/W2029476873,https://doi.org/10.3891/acta.chem.scand.52-0372,A5038432622,,Sølling,Theis I. Sølling; Keiichiro Ishikawa; Nobuyuki Tamaoki; Lars Skattebøl; Louisa Barré; Ole Hammerich; Inger Søtofte; Bengt Långström,"Metaquat, a Paraquat Isomer Isolated from an Arrow Poison.",1998-01-01,1998,"Acta chemica Scandinavica/Acta chemica Scandinavica. B, Organic chemistry and biochemistry/Acta chemica Scandinavica. A, Physical and inorganic chemistry/Acta chemica Scandinavica. Series B. Organic chemistry and biochemistry/Acta chemica Scandinavica. Series A, Physical and inorganic chemistry",4,A5088468034|A5032757204|A5047713213|A5070032516|A5057931036|A5053627384|A5110469896
https://openalex.org/W2064830807,https://doi.org/10.2523/iptc-17673-ms,A5038432622,,Sølling,Theis I. Sølling; Xiomara Marquez; S. Finlay; Noureddine Bounoua; T. Gagigi; Thomas McKay; Andrew Fogden,"3D Imaging Of The Pore Network In The Shuaiba Reservoir, Al Shaheen Field",2014-01-19,2014,International Petroleum Technology Conference,4,A5030342292|A5065763597|A5052210028|A5071618234|A5112104993|A5108236060
https://openalex.org/W2973824089,https://doi.org/10.1002/cptc.201900183,A5038432622,,Skov,Anders B. Skov; Nicolai Ree; Anders S. Gertsen; Pavel Chábera; Jens Uhlig; Jonas Sandby Lissau; Luigi Nucci; Tõnu Pullerits; Kurt V. Mikkelsen; Mogens Brøndsted Nielsen; Theis I. Sølling; Thorsten Hansen,Front Cover: Excited‐State Topology Modifications of the Dihydroazulene Photoswitch Through Aromaticity (ChemPhotoChem 8/2019),2019-07-18,2019,ChemPhotoChem,4,A5025299860|A5060684421|A5030929537|A5020640414|A5038047169|A5069895128|A5058132235|A5042720859|A5067042195|A5043761057|A5045835833
https://openalex.org/W4206462952,https://doi.org/10.1039/d1cp05288h,A5038432622,,Andersen,Mads P. Sulbæk Andersen; Joanna Ohide; Theis I. Sølling; Ole John Nielsen,"Atmospheric chemistry of CF<sub>3</sub>CN: kinetics and products of reaction with OH radicals, Cl atoms and O<sub>3</sub>",2022-01-01,2022,Physical Chemistry Chemical Physics,4,A5064830322|A5008498514|A5060528328
https://openalex.org/W3115334359,https://doi.org/10.1021/acs.langmuir.0c03325,A5038432622,,Binabdi,Ali Binabdi; Gustav Palm-Henriksen; Kristian B. Olesen; Martin Andersson; Theis I. Sølling,Molecular Transport across Oil–Brine Interfaces Impacts Interfacial Tension: Time-Effects in Buoyant and Pendant Drop Measurements,2020-12-31,2020,Langmuir,3,A5009409541|A5091626156|A5011785521|A5077671600
https://openalex.org/W3161116124,https://doi.org/10.1002/cptc.202100048,A5038432622,,Skov,Anders B. Skov; Linnea M. Folkmann; Andrey E. Boguslavskiy; Anja Röder; Rune Lausten; Albert Stolow; Matthew S. Johnson; Michael Pittelkow; Ole John Nielsen; Theis I. Sølling; Thorsten Hansen,The Sulfolene Protecting Group: Observation of a Direct Photoinitiated Cheletropic Ring Opening,2021-05-10,2021,ChemPhotoChem,3,A5025299860|A5058113955|A5037126566|A5057269583|A5108141359|A5034159631|A5105410956|A5066170154|A5060528328|A5045835833
https://openalex.org/W4214549788,https://doi.org/10.1039/d1cp04877e,A5038432622,,Andersen,Mads P. Sulbæk Andersen; Aleksandra Volkova; Sofie A. Hass; Jonathan W. Lengkong; Dvien Hovanessian; Theis I. Sølling; Timothy J. Wallington; Ole John Nielsen,"Atmospheric chemistry of (<i>Z</i>)- and (<i>E</i>)-1,2-dichloroethene: kinetics and mechanisms of the reactions with Cl atoms, OH radicals, and O<sub>3</sub>",2022-01-01,2022,Physical Chemistry Chemical Physics,3,A5064830322|A5064817071|A5063217190|A5013170493|A5047554469|A5029894864|A5060528328
https://openalex.org/W4289544603,https://doi.org/10.1021/acs.energyfuels.2c02038,A5038432622,,Hassan,Amjed Hassan; Fadhil S. Kamounah; Michael Pittelkow; Theis I. Sølling; Mohamed Mahmoud,Barite Removal Using Macropa: Simulation and Solubility Investigations,2022-08-03,2022,Energy & Fuels,3,A5075429508|A5007894795|A5066170154|A5049649985
https://openalex.org/W4320035784,https://doi.org/10.1016/j.geoen.2023.211574,A5038432622,,Bageri,Badr Bageri; Jaber Al Jaberi; Theis I. Sølling; Abdullah S. Sultan; Dhafer Badhafere; Shirish Patil,Evaluating the corrosion index of DTPA at different conditions - key of improving the performance of chelating agents in field treatments,2023-02-11,2023,Geoenergy Science and Engineering,3,A5025636051|A5030821849|A5023484800|A5063264059|A5005252413
https://openalex.org/W2066356775,https://doi.org/10.2118/166023-ms,A5038432622,,Sølling,Theis I. Sølling; Xiomara Marquez; Thomas McKay; Andrew Fogden,Multiscale Characterization On The Pore Network In Carbonate Rocks,2013-09-16,2013,,2,A5030342292|A5112104993|A5108236060
https://openalex.org/W2156550661,https://doi.org/10.1051/epjconf/20134102033,A5038432622,,Kuhlman,Thomas S. Kuhlman; Stephan P. A. Sauer; Theis I. Sølling; Klaus B. Møller,Quantum-dynamical Modeling of the Rydberg to Valence Excited-State Internal Conversion in Cyclobutanone and Cyclopentanone,2013-01-01,2013,EPJ Web of Conferences,2,A5024410159|A5086252340|A5073264455
https://openalex.org/W4379280029,https://doi.org/10.2118/214368-ms,A5038432622,,Samarkin,Yevgeniy Samarkin; Abduljamiu O. Amao; Murtada Saleh Aljawad; Theis I. Sølling; Murtadha J. AlTammar; Khalid M. Alruwaili,High-Temperature DAP Treatments of Carbonate Rocks for Proppant Embedment Severity Mitigation,2023-06-05,2023,,2,A5025014497|A5027197211|A5002974432|A5067074454|A5024843025
https://openalex.org/W2156187131,https://doi.org/10.1002/jms.883,A5038432622,,Norrman,Kion Norrman; Theis I. Sølling; T. B. McMahon,Isomerization of the protonated acetone dimer in the gas phase,2005-06-22,2005,Journal of Mass Spectrometry,8,A5060497833|A5108472804
https://openalex.org/W2514172895,https://doi.org/10.2118/183634-pa,A5038432622,,Noe-Nygaard,Jakob Noe-Nygaard; Finn Engstrøm; Theis I. Sølling; Sven Roth,Image-Based Petrophysical Parameters: CT Imaging of Chalk Cuttings and Experimental Comparisons by Plug-Size Upscaling,2016-08-17,2016,SPE Journal,5,A5001844494|A5040053400|A5113675902
https://openalex.org/W3194471172,https://doi.org/10.1190/geo2021-0136.1,A5038432622,,Khodja,Mohamed R. Khodja; Syed Nizamuddin; Abdulwahab Ali; Mohamed E. Kandil; Ammar El‐Husseiny; Mazen K. Nazal; Lamidi Babalola; Theis I. Sølling,Can fluid-substitution models continue to ignore the complex physicochemical properties of crude oil?,2021-08-24,2021,Geophysics,4,A5000034016|A5108225096|A5009478389|A5013528796|A5064720324|A5044218213|A5044235421
https://openalex.org/W3159287057,https://doi.org/10.1002/cphc.202100143,A5038432622,,Peedikakkal,Abdul Malik P. Peedikakkal; Hasan Ali Al-Mohsin; Almaz S. Jalilov; Theis I. Sølling; Anders B. Skov,"Design of Green‐Emitting Salts from Substituted Pyridines: Understanding the Solid‐State Photodimerization of <i>trans</i>‐1,2‐bis(4‐pyridyl)ethylene",2021-04-26,2021,ChemPhysChem,3,A5061399863|A5056900772|A5010836137|A5025299860
https://openalex.org/W4297918878,https://doi.org/10.2118/210494-ms,A5038432622,,Alade,Olalekan S. Alade; Eassa Abdullah; Mashaer Alfaraj; Jafar Al Hamad; Amjed Hassan; Mohamed Mahmoud; Dhafer Al Shehri; Theis I. Sølling; Ayman Nakhli,Removal of Wax Deposit from Tight Formation Using Ultrasonic Cavitation with Thermochemical Heat Source,2022-09-26,2022,SPE Annual Technical Conference and Exhibition,3,A5015196228|A5016178719|A5077822143|A5056064718|A5075429508|A5049649985|A5024608621|A5061921708
https://openalex.org/W61413723,https://doi.org/10.1016/b978-044452821-6/50006-x,A5038432622,,Minitti,Michael P. Minitti; Jaimie Gosselin; Theis I. Sølling; Peter Weber,"The Ultrafast Photofragmentation Pathway of N,N-Dimethylisopropylamine",2006-01-01,2006,Elsevier eBooks,3,A5052804460|A5077038099|A5058193339
https://openalex.org/W3005473860,https://doi.org/10.1039/c9em00588a,A5038432622,,Tawabini,Bassam Tawabini; Ole John Nielsen; Theis I. Sølling,Theoretical study of hydroxyl radical (OH˙) induced decomposition of <i>tert</i>-butyl methyl ether (MTBE),2020-01-01,2020,Environmental Science Processes & Impacts,2,A5074883327|A5060528328
https://openalex.org/W3086680791,https://doi.org/10.1016/j.petrol.2020.107914,A5038432622,,Nielsen,J.R. Nielsen; Kristoffer G. Poulsen; Jan H. Christensen; Charlotte Lassen; Theis I. Sølling,Productivity and oil fingerprinting: Application of analytical chemistry in the assessment of reservoir quality,2020-09-11,2020,Journal of Petroleum Science and Engineering,2,A5103743760|A5086327433|A5005318158|A5072272760
https://openalex.org/W3164356412,https://doi.org/10.1021/acs.jpcb.1c00922,A5038432622,,Fogang,Lionel Talley Fogang; Theis I. Sølling; Jan Skov Pedersen; Muhammad Shahzad Kamal; Abdullah S. Sultan,Deducing the Relation between Viscosity and Oil-Induced Structural Changes of Viscoelastic Surfactants Using a Kinetic Approach,2021-06-02,2021,The Journal of Physical Chemistry B,1,A5046182468|A5075943573|A5084940954|A5023484800
https://openalex.org/W4214492443,https://doi.org/10.1190/geo2021-0481.1,A5038432622,,Kandil,Mohamed E. Kandil; Abdulwahab Ali; Mohamed R. Khodja; Theis I. Sølling,Exploring deep carbonate reservoir samples: Anisotropy and correlation of static and dynamic Young’s moduli,2022-02-28,2022,Geophysics,1,A5013528796|A5009478389|A5000034016
https://openalex.org/W4378230836,https://doi.org/10.3997/2214-4609.202310972,A5038432622,,Desouky,Mahmoud Desouky; Murtada Saleh Aljawad; Theis I. Sølling; Abduljamiu O. Amao; Dhafer Al Shehri; Abdulazeez Abdulraheem,Chemical Treatment for Sustainable Acid Fracture Conductivity of Weak Carbonates,2023-01-01,2023,,1,A5017097772|A5002974432|A5027197211|A5024608621|A5053834729
https://openalex.org/W4392187452,https://doi.org/10.2523/iptc-24174-ms,A5038432622,,AlBoraikan,Reem AlBoraikan; Badr Bageri; Theis I. Sølling,The Influence of Red Mud Additive on Drilling Fluid Performance: Comparison Between Calcite in Conventional Drilling Mud and Red Mud Additive,2024-02-12,2024,International Petroleum Technology Conference,1,A5070611349|A5025636051
https://openalex.org/W4406913825,https://doi.org/10.1021/acsomega.4c08146,A5038432622,,Israr,Muhammad Israr; Ahmad Mahboob; Syed Muhammad Shakil Hussain; Muhammad Shahzad Kamal; Theis I. Sølling; Mohammed Alotaibi; Mohanad Fahmi,"Synthesis, Characterization, and Effects of Aliphatic and Aromatic Amines on Thermal and Surface Properties of Zwitterionic Amphiphiles",2025-01-28,2025,ACS Omega,1,A5039714509|A5066251556|A5022552999|A5084940954|A5113521038|A5036614855
https://openalex.org/W4410767170,https://doi.org/10.1021/acs.langmuir.5c01055,A5038432622,,Al-Sakkaf,Mohammed K. Al-Sakkaf; A. H. M. Emon Ali; Steven Baldelli; Ali Binabdi; Martin Andersson; Theis I. Sølling; Ahmed M. El‐Zohry,Deciphering Zn(II)-Carboxylic Acid Interactions: Tailoring Oil/Water Interfaces and Surfactant Efficiency,2025-05-27,2025,Langmuir,1,A5012004840|A5104234184|A5084313270|A5009409541|A5077671600|A5063047677
https://openalex.org/W4413195872,https://doi.org/10.1021/acsomega.5c04098,A5038432622,,AL-Dogail,Ala AL-Dogail; Rahul Gajbhiye; Abdullah S. Sultan; Theis I. Sølling; Abdelsalam Al‐Sarkhi; Shirish Patil,Pickering Emulsified Acid Systems (PEAS): A Promising Approach for Reduced Drag in Matrix Acidizing,2025-08-12,2025,ACS Omega,1,A5058048471|A5029149528|A5023484800|A5065211444|A5005252413
https://openalex.org/W2036453464,https://doi.org/10.1016/s0022-328x(98)01169-3,A5038432622,,Sølling,Theis I. Sølling; S. Bruce Wild; Leo Radom,Exchange and insertion reactions involving borane adducts of phosphirane and phosphirene: a G2(MP2) ab initio investigation,1999-05-01,1999,Journal of Organometallic Chemistry,11,A5000162694|A5056558829
https://openalex.org/W1998415064,https://doi.org/10.1002/hc.20519,A5038432622,,Stuhr‐Hansen,Nicolai Stuhr‐Hansen; T.F. Gotze; Lars Henriksen; Theis I. Sølling; Annette E. Langkilde; Henning Osholm Sørensen,"Sparing the ortho‐position in nucleophilic aromatic substitution‐specific displacement of the 4‐SePh group in 2,4‐bis(phenylseleno)nitrobenzene",2009-01-01,2009,Heteroatom Chemistry,10,A5010462696|A5017268756|A5040469727|A5085166978|A5078856717
https://openalex.org/W1995614298,https://doi.org/10.1002/(sici)1521-3765(20000218)6:4<590::aid-chem590>3.0.co;2-e,A5038432622,,Sølling,Theis I. Sølling; S.B. Wild; Leo Radom,Are the Approach Directions of σ and π Nucleophiles to the Sulfur Atom of Thiiranium and Thiirenium Ions Different?,2000-02-18,2000,Chemistry - A European Journal,8,A5107949064|A5056558829
https://openalex.org/W2077416608,https://doi.org/10.1021/jp805273w,A5038432622,,Brogaard,Rasmus Y. Brogaard; Klaus B. Møller; Theis I. Sølling,"Wave Packet Simulation of Nonadiabatic Dynamics in Highly Excited 1,3-Dibromopropane",2008-09-27,2008,The Journal of Physical Chemistry A,8,A5077910252|A5073264455
https://openalex.org/W2141520212,https://doi.org/10.1255/ejms.335,A5038432622,,Sølling,Theis I. Sølling; Leo Radom,Exchange of Cl<sup>+</sup> between Lone-Pair Donors and π-Donors: A Computational Study,2000-04-01,2000,European Journal of Mass Spectrometry,8,A5056558829
https://openalex.org/W2169821460,https://doi.org/10.1039/b105386h,A5038432622,,Sølling,Theis I. Sølling; Steen Hammerum,The retro-ene reaction of gaseous immonium ions revisitedElectronic supplementary information (ESl) available: Table s1 [G2(MP2) total energies of the involved species] and Table s2 [archive entries for MP2(full)/6-31G(d) optimised geometries]. See http://www.rsc.org/suppdata/p2/b1/b105386h,2001-11-09,2001,Journal of the Chemical Society Perkin Transactions 2,8,A5010769542
https://openalex.org/W2062628138,https://doi.org/10.1039/a601264g,A5038432622,,Hammerum,Steen Hammerum; Allan C. Petersen; Theis I. Sølling; Tore Vulpius; Herman Zappey,"The expulsion of alkyl radicals from the methyliumylaminomethyl radical cation, ˙CH2NH2CH3+, and related distonic ions",1997-01-01,1997,Journal of the Chemical Society Perkin Transactions 2,7,A5010769542|A5058288251|A5056927755|A5066766061
https://openalex.org/W1969257169,https://doi.org/10.1016/j.theochem.2006.11.037,A5038432622,,Brogaard,Rasmus Y. Brogaard; Theis I. Sølling,Computational predictions regarding ultrafast bond breakage and conformational changes in aliphatic chloro-amines,2007-02-17,2007,Journal of Molecular Structure THEOCHEM,6,A5077910252
https://openalex.org/W2042949717,https://doi.org/10.1016/j.ijms.2010.10.012,A5038432622,,Sølling,Theis I. Sølling; Steen Hammerum; Tore Vulpius,The influence of fragment size and intermediate barriers on competing near-identical simple cleavage reactions: A variational RRKM study,2010-10-18,2010,International Journal of Mass Spectrometry,6,A5010769542|A5056927755
https://openalex.org/W2038239127,https://doi.org/10.1016/s1387-3806(00)00224-4,A5038432622,,Sølling,Theis I. Sølling; S. Bruce Wild; Leo Radom,Formation of three-membered phosphorus heterocycles via ligand-exchange reactions in mono-adducts of the phosphenium ion: an ab initio investigation,2000-07-01,2000,International Journal of Mass Spectrometry,3,A5000162694|A5056558829
https://openalex.org/W2163967700,https://doi.org/10.1039/c3ob00014a,A5038432622,,Stuhr‐Hansen,Nicolai Stuhr‐Hansen; Theis I. Sølling; Kristian Strømgaard,Synthetic and mechanistic insight into nosylation of glycine residues,2013-01-01,2013,Organic & Biomolecular Chemistry,3,A5010462696|A5060992391
https://openalex.org/W2331849220,https://doi.org/10.1021/jp209727g,A5038432622,,Minitti,Michael P. Minitti; Yao Zhang; Martin Rosenberg; Rasmus Y. Brogaard; Sanghamitra Deb; Theis I. Sølling; Peter Weber,Far-UV Photochemical Bond Cleavage of <i>n</i>-Amyl Nitrite: Bypassing a Repulsive Surface,2011-12-17,2011,The Journal of Physical Chemistry A,3,A5052804460|A5100446948|A5013005742|A5077910252|A5043674730|A5058193339
https://openalex.org/W2558788473,https://doi.org/10.1039/c6fd90070d,A5038432622,,Orr‐Ewing,Andrew J. Orr‐Ewing; Jan R. R. Verlet; Thomas J. Penfold; Russell S. Minns; Michael P. Minitti; Theis I. Sølling; Oliver Schalk; Markus Kowalewski; J. P. Marangos; Michael A. Robb; Allan S. Johnson; Hans Jakob Wörner; Dmitrii V. Shalashilin; R. J. Dwayne Miller; Wolfgang Domcke; Kiyoshi Ueda; Peter Weber; R. Cireasa; Morgane Vacher; Graham Roberts; Piero Decleva; Filippo Bencivenga; Daniel M. Neumark; Oliver Geßner; Albert Stolow; Pankaj Kumar Mishra; Iakov Polyak; Kyoung Koo Baeck; Adam Kirrander; D. Dowek; Álvaro Jiménez-Galán; Fernando Martı́n; Shaul Mukamel; Taro Sekikawa; Maxim F. Gelin; Dave Townsend; Dmitry V. Makhov; Simon P. Neville,Electronic and non-adiabatic dynamics: general discussion,2016-01-01,2016,Faraday Discussions,3,A5017717395|A5058363958|A5056007847|A5054187023|A5052804460|A5090390474|A5007220933|A5048029507|A5034965615|A5004062917|A5011676219|A5047673123|A5029288551|A5052966040|A5065729863|A5058193339|A5053800445|A5085785032|A5065281895|A5021573178|A5032230395|A5005884690|A5089496375|A5034159631|A5079424324|A5054037610|A5074231955|A5052145152|A5110459668|A5062229732|A5069696589|A5085637107|A5005980266|A5010246507|A5063710426|A5060807266|A5049152065
https://openalex.org/W1973250528,https://doi.org/10.1039/b717899a,A5038432622,,Christensen,Jørn B. Christensen; Lars Henriksen; Theis I. Sølling,A concerted mechanism for uncatalysed transfer of carbon substituents from diimides to CC and CC,2008-01-01,2008,Organic & Biomolecular Chemistry,2,A5045150424|A5040469727
https://openalex.org/W2010064340,https://doi.org/10.2523/iptc-17672-ms,A5038432622,,Ceballos,X. Marquez Ceballos; Theis I. Sølling; S. Finlay; Noureddine Bounoua; T. Gagigi,"3D Imaging of Porosity Modifying Phases in Shuaiba Reservoir, Al Shaheen Field",2014-01-19,2014,International Petroleum Technology Conference,2,A5097403257|A5065763597|A5052210028|A5071618234
https://openalex.org/W2936687364,https://doi.org/10.1021/acs.jpca.9b02022,A5038432622,,Petersen,Allan C. Petersen; Mads Koerstz; Kurt V. Mikkelsen; Theis I. Sølling,Electronic Predissociation in the Dichloromethane Cation CH<sub>2</sub>Cl<sub>2</sub><sup>+</sup> Electronic State <sup>2</sup>A<sub>1</sub>,2019-04-15,2019,The Journal of Physical Chemistry A,2,A5058288251|A5076939746|A5067042195
https://openalex.org/W4238691384,https://doi.org/10.1002/cptc.201900182,A5038432622,,Skov,Anders B. Skov; Nicolai Ree; Anders S. Gertsen; Pavel Chábera; Jens Uhlig; Jonas Sandby Lissau; Luigi Nucci; Tõnu Pullerits; Kurt V. Mikkelsen; Mogens Brøndsted Nielsen; Theis I. Sølling; Thorsten Hansen,Excited‐State Topology Modifications of the Dihydroazulene Photoswitch Through Aromaticity,2019-07-22,2019,ChemPhotoChem,2,A5025299860|A5060684421|A5030929537|A5020640414|A5038047169|A5069895128|A5058132235|A5042720859|A5067042195|A5043761057|A5045835833
https://openalex.org/W4239987832,https://doi.org/10.1002/ange.201303773,A5038432622,,Sørensen,Anne Sørensen; Brian Schou Rasmussen; Shubham Agarwal; Magnus Schau‐Magnussen; Theis I. Sølling; Michael Pittelkow,Conversion of Phenols into Selenophenols: Seleno Newman–Kwart Rearrangement,2013-09-17,2013,Angewandte Chemie,2,A5114162943|A5057432835|A5033214151|A5015066596|A5066170154
https://openalex.org/W4250384751,https://doi.org/10.1002/ange.200601298,A5038432622,,Pittelkow,Michael Pittelkow; T.K. Reenberg; Kim T. Nielsen; M.J. Magnussen; Theis I. Sølling; Frederik C. Krebs; Jørn B. Christensen,"Synthesis, Structure, and Properties of 4,7‐Dimethoxybenzo[<i>c</i>]tellurophene: A Molecular Pyroelectric Material",2006-07-21,2006,Angewandte Chemie,2,A5066170154|A5083356847|A5072430241|A5086943717|A5088635289|A5045150424
https://openalex.org/W4254198717,https://doi.org/10.1002/ange.201208197,A5038432622,,Kuhlman,Thomas S. Kuhlman; Michael Pittelkow; Theis I. Sølling; Klaus B. Møller,Pulling the Levers of Photophysics: How Structure Controls the Rate of Energy Dissipation,2013-01-16,2013,Angewandte Chemie,2,A5024410159|A5066170154|A5073264455
https://openalex.org/W2326082366,https://doi.org/10.2523/iptc-18341-ms,A5038432622,,Jacobsen,Rune Shim Jacobsen; Thomas McKay; Theis I. Sølling,Quantification of Bimodal Permeability Distributions in Sandstone Using 2D and 3D Imaging Techniques and Computational Analysis,2015-12-02,2015,International Petroleum Technology Conference,1,A5048129014|A5112104993
https://openalex.org/W2899691443,https://doi.org/10.1002/cphc.201800908,A5038432622,,Larsen,Martin A. B. Larsen; Anders B. Skov; Christian M. Clausen; Jennifer M. Ruddock; Brian Stankus; Peter Weber; Theis I. Sølling,Cover Feature: Putting the Disulfide Bridge at Risk: How UV‐C Radiation Leads to Ultrafast Rupture of the S‐S Bond (ChemPhysChem 21/2018),2018-10-11,2018,ChemPhysChem,1,A5052455250|A5025299860|A5068637104|A5011520668|A5003784974|A5058193339
https://openalex.org/W2922235311,https://doi.org/10.2118/194916-ms,A5038432622,,Nielsen,J.R. Nielsen; Kristoffer G. Poulsen; Jan H. Christensen; Theis I. Sølling,Tracing Production with Analytical Chemistry: Can Oil Finger Printing Provide New Answers,2019-03-15,2019,SPE Middle East Oil and Gas Show and Conference,1,A5103743760|A5086327433|A5005318158
https://openalex.org/W4224139004,https://doi.org/10.2118/209405-ms,A5038432622,,Binabdi,Ali Binabdi; Subash Ayirala; Ahmed Gmira; Theis I. Sølling,Selective Crystallization - En Route to In-Situ Deep Conformance Control,2022-04-18,2022,SPE Improved Oil Recovery Conference,1,A5009409541|A5057652004|A5023474641
https://openalex.org/W4323305374,https://doi.org/10.2118/213617-ms,A5038432622,,Altowilib,Ali Altowilib; Rahul Gajbhiye; Mohamed Mahmoud; Theis I. Sølling,Selection and Optimization of Demulsifier Based on Physio-Chemical Characteristics of Emulsion,2023-03-07,2023,,1,A5003703234|A5029149528|A5049649985
https://openalex.org/W4387662071,https://doi.org/10.1021/acs.jpcb.3c05642,A5038432622,,El‐Zohry,Ahmed M. El‐Zohry; Theis I. Sølling; Ahmed Esmat Hussien; Osama Shekhah; Aslam C. Shaikh; Mohamed Eddaoudi,Charge Transfer Process of a Solvated Hydrogen-Bonded Organic Network,2023-10-16,2023,The Journal of Physical Chemistry B,1,A5063047677|A5073823845|A5090126456|A5020946376|A5084429473
https://openalex.org/W4388293550,https://doi.org/10.1063/5.0169883,A5038432622,,Petersen,Allan C. Petersen; Theis I. Sølling,Dissociation processes of ionized freons: CHFCl2+ and CF2Cl2+ in the gas phase,2023-11-03,2023,The Journal of Chemical Physics,1,A5058288251
https://openalex.org/W2558361452,https://doi.org/10.1039/c6fd90073a,A5038432622,,Orr‐Ewing,Andrew J. Orr‐Ewing; Oleg Kornilov; Theis I. Sølling; Theo Keane; Michael P. Minitti; Hans Jakob Wörner; Oliver Schalk; Graham Roberts; Russell S. Minns; Christopher J. Milne; Lukas Miseikis; Thomas J. Penfold; R. J. Dwayne Miller; Wolfgang Domcke; Martin Centurion; Kiyoshi Ueda; Peter Weber; Oliver Geßner; Daniel M. Neumark; Albert Stolow; Junko Yano; Shaul Mukamel; Vasilios G. Stavros,Vibrational and condensed phase dynamics: general discussion,2016-01-01,2016,Faraday Discussions,1,A5017717395|A5064856224|A5089518763|A5052804460|A5011676219|A5090390474|A5065281895|A5054187023|A5091108714|A5078318964|A5056007847|A5029288551|A5052966040|A5027558195|A5065729863|A5058193339|A5089496375|A5005884690|A5034159631|A5087040660|A5085637107|A5047821345
https://openalex.org/W2605441437,https://doi.org/10.1016/j.ijms.2017.04.002,A5038432622,,Petersen,Allan C. Petersen; Theis I. Sølling,Determination of kinetic energy release from metastable peak widths: An investigation of the instrument-dependence,2017-04-22,2017,International Journal of Mass Spectrometry,1,A5058288251
https://openalex.org/W2999680196,https://doi.org/10.2523/iptc-19925-ms,A5038432622,,Fogang,Lionel Talley Fogang; Theis I. Sølling; Muhammad Shahzad Kamal; Abdullah S. Sultan,Kinetics of Breaking of a Sulfobetaine Viscoelastic Surfactant Gel in the Presence of Model Oils,2020-01-01,2020,International Petroleum Technology Conference,1,A5046182468|A5084940954|A5023484800
https://openalex.org/W2059134812,https://doi.org/10.1016/s1387-3806(99)00174-8,A5038432622,,Hammerum,Steen Hammerum; Jens H. Henriksen; Tina Henriksen; Theis I. Sølling,Methyl loss from conventional and distonic isomers of C3H7N·+,2000-01-01,2000,International Journal of Mass Spectrometry,1,A5010769542|A5063350250|A5058769289
https://openalex.org/W1994639173,https://doi.org/10.1002/ange.201300344,A5038432622,,Kuhlman,Thomas S. Kuhlman; Michael Pittelkow; Theis I. Sølling; Klaus B. Møller,Rücktitelbild: Pulling the Levers of Photophysics: How Structure Controls the Rate of Energy Dissipation (Angew. Chem. 8/2013),2013-01-25,2013,Angewandte Chemie,0,A5024410159|A5066170154|A5073264455
https://openalex.org/W2079512299,https://doi.org/10.1002/anie.201300344,A5038432622,,Kuhlman,Thomas S. Kuhlman; Michael Pittelkow; Theis I. Sølling; Klaus B. Møller,Back Cover: Pulling the Levers of Photophysics: How Structure Controls the Rate of Energy Dissipation (Angew. Chem. Int. Ed. 8/2013),2013-01-25,2013,Angewandte Chemie International Edition,0,A5024410159|A5066170154|A5073264455
https://openalex.org/W2197602757,https://doi.org/10.5339/qfarc.2014.eepp0586,A5038432622,,Louge,Michel Louge; Renee Richer; Ali A. Sultan; Anthony G. Hay; Xu Jin; Theis I. Sølling; Nathalie Vriend; Sara Abdul-majid; Asha Elmi,Temperature And Humidity Within A Mobile Barchan Desert Sand Dune,2014-01-01,2014,Qatar Foundation Annual Research Conference Proceedings Volume 2014 Issue 1,0,A5077171797|A5053473980|A5037758591|A5000536603|A5007316601|A5038390704|A5080391807|A5110288398
https://openalex.org/W2332289226,https://doi.org/10.2118/171721-ms,A5038432622,,Bennetzen,Martin V. Bennetzen; Theis I. Sølling; Xiomara Marquez,Towards Four Phase Autosegmentation and Microporosity Quantification,2014-11-10,2014,Abu Dhabi International Petroleum Exhibition and Conference,0,A5024910225|A5030342292
https://openalex.org/W2543797099,https://doi.org/10.5339/qfarc.2016.eesp2445,A5038432622,,Al-Kaabi,Nasser Al-Kaabi; Mohammad Salim Alghouti; Nabil Zouari; Theis I. Sølling; Steffen Bach; Jan H. Christensen,Chemical Characterization and Source Identification of Beached Oil from Two Areas Along the North-Western Coast of Qatar,2016-01-01,2016,Qatar Foundation Annual Research Conference Proceedings Volume 2016 Issue 1,0,A5044150696|A5056989856|A5013723407|A5068283429|A5005318158
https://openalex.org/W2742968606,,A5038432622,,Sølling,Theis I. Sølling; Oliver Bunk; M. Nielsen; Bo W. Laursen; Thomas Bjørnholm; Gaël Kestemont; Yves Geerts,Surface X-ray diffraction studies of self-organization in HATNA thin films,2003-01-01,2003,,0,A5007447103|A5047040430|A5004002875|A5023956089|A5069472100|A5046392686
https://openalex.org/W2746621280,,A5038432622,,Sølling,Theis I. Sølling; Oliver Bunk; M. Nielsen; Bo W. Laursen; Thomas Bjørnholm; Yves Geerts; Gaël Kestemont,"Controlling the crystal phase, mobility and self-organization of a novel liquid crystalline material",2003-01-01,2003,Research Portal (King's College London),0,A5007447103|A5047040430|A5004002875|A5023956089|A5046392686|A5069472100
https://openalex.org/W2756738061,,A5038432622,,Bunk,Oliver Bunk; M. Nielsen; Theis I. Sølling; A.M. van de Craats; N. Stutzmann,Induced alignment of a discotic hexabenzocoronene derivative for electronic devices investigated by surface X-Ray diffraction,2003-01-01,2003,Research Portal (King's College London),0,A5007447103|A5047040430|A5058847596|A5108087290
https://openalex.org/W2758935817,,A5038432622,,Sølling,Theis I. Sølling; M. Nielsen; Oliver Bunk; Bo W. Laursen; Thomas Bjørnholm,Addressing structural order on thin organic films: Surface X-ray diffraction studies of spin-cast HATNA (poster),2002-01-01,2002,Research Portal (King's College London),0,A5047040430|A5007447103|A5004002875|A5023956089
https://openalex.org/W2764058070,,A5038432622,,Nielsen,M. Nielsen; Oliver Bunk; Theis I. Sølling; A.M. van de Craats; N. Stutzmann,Controlled orientation of self-organized domains for organic electronics,2003-01-01,2003,Research Portal (King's College London),0,A5047040430|A5007447103|A5058847596|A5108087290
https://openalex.org/W2771274819,https://doi.org/10.5517/ccb1rsw,A5038432622,,Pittelkow,Michael Pittelkow; T.K. Reenberg; K.T. Nielsen; M.J. Magnussen; Theis I. Sølling; F.C. Krebs; Jørn B. Christensen,CCDC 299608: Experimental Crystal Structure Determination,2006-01-01,2006,The Cambridge Structural Database,0,A5066170154|A5083356847|A5090044124|A5086943717|A5035507462|A5045150424
https://openalex.org/W2772232717,https://doi.org/10.5517/ccb1rwz,A5038432622,,Pittelkow,Michael Pittelkow; T.K. Reenberg; K.T. Nielsen; M.J. Magnussen; Theis I. Sølling; F.C. Krebs; Jørn B. Christensen,CCDC 299611: Experimental Crystal Structure Determination,2006-01-01,2006,The Cambridge Structural Database,0,A5066170154|A5083356847|A5090044124|A5086943717|A5035507462|A5045150424
https://openalex.org/W2772897442,https://doi.org/10.5517/ccb1rvy,A5038432622,,Pittelkow,Michael Pittelkow; T.K. Reenberg; K.T. Nielsen; M.J. Magnussen; Theis I. Sølling; F.C. Krebs; Jørn B. Christensen,CCDC 299610: Experimental Crystal Structure Determination,2006-01-01,2006,The Cambridge Structural Database,0,A5066170154|A5083356847|A5090044124|A5086943717|A5035507462|A5045150424
https://openalex.org/W2775008371,https://doi.org/10.5517/ccb1rrv,A5038432622,,Pittelkow,Michael Pittelkow; T.K. Reenberg; K.T. Nielsen; M.J. Magnussen; Theis I. Sølling; F.C. Krebs; Jørn B. Christensen,CCDC 299607: Experimental Crystal Structure Determination,2006-01-01,2006,The Cambridge Structural Database,0,A5066170154|A5083356847|A5090044124|A5086943717|A5035507462|A5045150424
https://openalex.org/W2800285825,https://doi.org/10.1016/j.cplett.2018.04.048,A5038432622,,Petersen,Allan C. Petersen; Theis I. Sølling,The consequences of two distinct reaction coordinates in the decomposition of the ethylamine cation conformers,2018-04-27,2018,Chemical Physics Letters,0,A5058288251
https://openalex.org/W3044054515,,A5038432622,,Sølling,Theis I. Sølling; Dag W. Breiby; Bo W. Laursen; Oliver Bunk; Thomas Bjørnholm,Structure and phase transitions in aligned LB films of amphiphilic hexabenzocoronenes,2004-01-01,2004,Research Portal (King's College London),0,A5062169185|A5004002875|A5007447103|A5023956089
https://openalex.org/W3044840021,,A5038432622,,Laursen,Bo W. Laursen; Theis I. Sølling; Dag W. Breiby; Oliver Bunk; Michael H. Nielsen; Thomas Bjørnholm,Aligning disk-like carbenium salts: Structural studies of Langmuir Blodgett films,2004-01-01,2004,Research Portal (King's College London),0,A5004002875|A5062169185|A5007447103|A5059989559|A5023956089
https://openalex.org/W4212911155,https://doi.org/10.2523/iptc-22604-ea,A5038432622,,Sølling,Theis I. Sølling; Mohamed Mahmoud; Michael Pittelkow,Taking a New Approach Towards Chelating Agents for Scale Removal,2022-02-21,2022,"Day 2 Tue, February 22, 2022",0,A5049649985|A5066170154
https://openalex.org/W4237079557,https://doi.org/10.1002/essoar.10504584.1,A5038432622,,Hanafy,Sherif M. Hanafy; Pantelis Soupios; Alexandros Stampolidis; Christian Koch; Khalid Al Ramadan; Abdullatif Al‐Shuhail; Theis I. Sølling; Ignatius Argadestya,"Comprehensive Geophysical study at Wabar crater, Rub Al-Khali desert, Saudi Arabia",2020-10-29,2020,,0,A5077467560|A5008213975|A5017749705|A5013919197|A5021382014|A5054922583|A5077816186
https://openalex.org/W4248447320,https://doi.org/10.1002/(sici)1521-3765(19990201)5:2<509::aid-chem509>3.3.co;2-d,A5038432622,,Sølling,Theis I. Sølling; S.B. Wild; Leo Radom,Are Pi-Ligand Exchange Reactions of Thiirenium and Thiiranium Ions Feasible? An Ab Initio Investigation,1999-02-01,1999,Chemistry - A European Journal,0,A5107949064|A5056558829
https://openalex.org/W4254319286,https://doi.org/10.2523/iptc-19925-abstract,A5038432622,,Fogang,Lionel Talley Fogang; Theis I. Sølling; Muhammad Shahzad Kamal; Abdullah S. Sultan,Kinetics of Breaking of a Sulfobetaine Viscoelastic Surfactant Gel in the Presence of Model Oils,2020-01-13,2020,International Petroleum Technology Conference,0,A5046182468|A5084940954|A5023484800
https://openalex.org/W4324282229,https://doi.org/10.2139/ssrn.4388309,A5038432622,,AL-Dogail,Ala AL-Dogail; Rahul Gajbhiye; Abdullah S. Sultan; Theis I. Sølling; Shirish Patil; Abdelsalam Al‐Sarkhi,Development of Emulsified Acid System (Eas) Using Organoclays (Oc): Rheology and Implication to the Acidizing,2023-01-01,2023,SSRN Electronic Journal,0,A5058048471|A5029149528|A5023484800|A5005252413|A5065211444
https://openalex.org/W4360601160,https://doi.org/10.1039/d3cp90083e,A5038432622,,Andersen,Mads P. Sulbæk Andersen; Aleksandra Volkova; Sofie A. Hass; Jonathan W. Lengkong; Dvien Hovanessian; Theis I. Sølling; Timothy J. Wallington; Ole John Nielsen,"Correction: Atmospheric chemistry of (<i>Z</i>)- and (<i>E</i>)-1,2-dichloroethene: kinetics and mechanisms of the reactions with Cl atoms, OH radicals, and O<sub>3</sub>",2023-01-01,2023,Physical Chemistry Chemical Physics,0,A5064830322|A5064817071|A5063217190|A5013170493|A5047554469|A5029894864|A5060528328
https://openalex.org/W4361190515,https://doi.org/10.1039/d3cp90084c,A5038432622,,Andersen,Mads P. Sulbæk Andersen; Joanna Ohide; Theis I. Sølling; Ole John Nielsen,"Correction: Atmospheric chemistry of CF<sub>3</sub>CN: kinetics and products of reaction with OH radicals, Cl atoms and O<sub>3</sub>",2023-01-01,2023,Physical Chemistry Chemical Physics,0,A5064830322|A5008498514|A5060528328
https://openalex.org/W4361974551,https://doi.org/10.2139/ssrn.4406735,A5038432622,,Sølling,Theis I. Sølling; Ali Binabdi; Ahmed El Zohry; Subash Ayirala; Ahmed Gmira; Ali Yousef,Fundamentals of Crystallization at Oil-Brine Interfaces for Conformance Control and Oil Spill Remediation Applications,2023-01-01,2023,SSRN Electronic Journal,0,A5009409541|A5051160813|A5057652004|A5023474641|A5110337216
https://openalex.org/W4379388718,https://doi.org/10.26434/chemrxiv-2023-2qqt5,A5038432622,,El‐Zohry,Ahmed M. El‐Zohry; Theis I. Sølling,Water Oil Emulsions Studied by Vibrational Sum Frequency Generation,2023-06-05,2023,,0,A5063047677
https://openalex.org/W4385153580,https://doi.org/10.2139/ssrn.4517113,A5038432622,,Bageri,Badr Bageri; Jaber Al Jaberi; Abdulrauf R. Adebayo; Assad Barri; Theis I. Sølling; Rahul B. Salin,Understanding the Complexity of Secondary Formation Damage: Mechanism and Detection Strategies During Filter Cake Removal Process,2023-01-01,2023,SSRN Electronic Journal,0,A5025636051|A5030821849|A5010595990|A5113878758|A5019355087
https://openalex.org/W4385859242,https://doi.org/10.2139/ssrn.4542843,A5038432622,,Sølling,Theis I. Sølling; Ahmed Alsulami; Abdulmohsen A. Al-Sibaie,"Photo-Induced Loss of H2 from H2s, Ch4, H2o and Sih4, When and Why is it Possible",2023-01-01,2023,SSRN Electronic Journal,0,A5028901037|A5092646260
https://openalex.org/W4386781788,https://doi.org/10.2139/ssrn.4572785,A5038432622,,Sølling,Theis I. Sølling; Lionel Talley Fogang; Syed Muhammad Shakil Hussain; Theis I. Sølling,Co2-Philicity of Crude Oil Constituents: A Computational Study,2023-01-01,2023,SSRN Electronic Journal,0,A5046182468|A5022552999
https://openalex.org/W4392244378,https://doi.org/10.2523/iptc-23505-ea,A5038432622,,Binabdi,Ali Binabdi; Theis I. Sølling; Ahmed M. El‐Zohry; Subhash Ayirala; Ahmed Gmira; A. A. Yousef,Oil/Brine Interfacial Phenomena and Their Application in Oil Spill Mitigation,2024-02-12,2024,International Petroleum Technology Conference,0,A5009409541|A5063047677|A5000730708|A5023474641|A5111178115
https://openalex.org/W4397156521,https://doi.org/10.5517/cc109rwy,A5038432622,,Sørensen,Anne Sørensen; Brian Schou Rasmussen; Shubham Agarwal; Magnus Schau‐Magnussen; Theis I. Sølling; Michael Pittelkow,CCDC 932910: Experimental Crystal Structure Determination,2013-01-01,2013,The Cambridge Structural Database,0,A5114162943|A5057432835|A5033214151|A5015066596|A5066170154
https://openalex.org/W4397184304,https://doi.org/10.5517/cc109rvx,A5038432622,,Sørensen,Anne Sørensen; Brian Schou Rasmussen; Shubham Agarwal; Magnus Schau‐Magnussen; Theis I. Sølling; Michael Pittelkow,CCDC 932909: Experimental Crystal Structure Determination,2013-01-01,2013,The Cambridge Structural Database,0,A5114162943|A5057432835|A5033214151|A5015066596|A5066170154
https://openalex.org/W4397319391,https://doi.org/10.5517/ccb1rx0,A5038432622,,Pittelkow,Michael Pittelkow; T.K. Reenberg; K.T. Nielsen; M.J. Magnussen; Theis I. Sølling; F.C. Krebs; Jørn B. Christensen,CCDC 299612: Experimental Crystal Structure Determination,2006-01-01,2006,The Cambridge Structural Database,0,A5066170154|A5083356847|A5090044124|A5086943717|A5035507462|A5045150424
https://openalex.org/W4397324443,https://doi.org/10.5517/ccdc.csd.cc200yzz,A5038432622,,Eriksen,Kristina Eriksen; Anne Ulfkjær; Theis I. Sølling; Michael Pittelkow,CCDC 1847971: Experimental Crystal Structure Determination,2018-01-01,2018,The Cambridge Structural Database,0,A5055185865|A5014015953|A5066170154
https://openalex.org/W4397398284,https://doi.org/10.5517/ccdc.csd.cc1n3qn4,A5038432622,,Jeppesen,Anne Jeppesen; Bjarne E. Nielsen; Dennis Larsen; Olivia M. Akselsen; Theis I. Sølling; Theis Brock‐Nannestad; Michael Pittelkow,CCDC 1522926: Experimental Crystal Structure Determination,2017-01-01,2017,The Cambridge Structural Database,0,A5073342700|A5035485613|A5070683798|A5003968525|A5035308739|A5066170154
https://openalex.org/W4397423752,https://doi.org/10.5517/ccdc.csd.cc200yyy,A5038432622,,Eriksen,Kristina Eriksen; Anne Ulfkjær; Theis I. Sølling; Michael Pittelkow,CCDC 1847970: Experimental Crystal Structure Determination,2018-01-01,2018,The Cambridge Structural Database,0,A5055185865|A5014015953|A5066170154
https://openalex.org/W4397452549,https://doi.org/10.5517/ccb1rtx,A5038432622,,Pittelkow,Michael Pittelkow; T.K. Reenberg; K.T. Nielsen; M.J. Magnussen; Theis I. Sølling; F.C. Krebs; Jørn B. Christensen,CCDC 299609: Experimental Crystal Structure Determination,2006-01-01,2006,The Cambridge Structural Database,0,A5066170154|A5083356847|A5090044124|A5086943717|A5035507462|A5045150424
https://openalex.org/W4397474060,https://doi.org/10.5517/ccdc.csd.cc200ynn,A5038432622,,Eriksen,Kristina Eriksen; Anne Ulfkjær; Theis I. Sølling; Michael Pittelkow,CCDC 1847961: Experimental Crystal Structure Determination,2018-01-01,2018,The Cambridge Structural Database,0,A5055185865|A5014015953|A5066170154
https://openalex.org/W4397540582,https://doi.org/10.5517/ccdc.csd.cc1n3qm3,A5038432622,,Jeppesen,Anne Jeppesen; Bjarne E. Nielsen; Dennis Larsen; Olivia M. Akselsen; Theis I. Sølling; Theis Brock‐Nannestad; Michael Pittelkow,CCDC 1522925: Experimental Crystal Structure Determination,2017-01-01,2017,The Cambridge Structural Database,0,A5073342700|A5035485613|A5070683798|A5003968525|A5035308739|A5066170154
https://openalex.org/W4397557309,https://doi.org/10.5517/ccvg0dp,A5038432622,,Brogaard,Rasmus Y. Brogaard; Andrey E. Boguslavskiy; Oliver Schalk; G.D. Enright; H. Hopf; Vitaly Raev; P.G. Jones; Ditte Thomsen; Theis I. Sølling; Albert Stolow,CCDC 788032: Experimental Crystal Structure Determination,2011-01-01,2011,The Cambridge Structural Database,0,A5077910252|A5037126566|A5090390474|A5000480515|A5072696677|A5029782443|A5105792571|A5055364360|A5034159631
https://openalex.org/W4397570746,https://doi.org/10.5517/ccrm8by,A5038432622,,Stuhr‐Hansen,Nicolai Stuhr‐Hansen; T.F. Gotze; L. Henriksen; Theis I. Sølling; Annette E. Langkilde; Henning Osholm Sørensen,CCDC 703710: Experimental Crystal Structure Determination,2009-01-01,2009,The Cambridge Structural Database,0,A5010462696|A5017268756|A5047120634|A5085166978|A5078856717
https://openalex.org/W4397615303,https://doi.org/10.5517/ccdc.csd.cc272b3s,A5038432622,,Peedikakkal,Abdul Malik P. Peedikakkal; Hasan Ali Al-Mohsin; Almaz S. Jalilov; Theis I. Sølling; Anders B. Skov,CCDC 2057814: Experimental Crystal Structure Determination,2021-05-14,2021,The Cambridge Structural Database,0,A5061399863|A5056900772|A5010836137|A5025299860
https://openalex.org/W4397628020,https://doi.org/10.5517/ccdc.csd.cc272b2r,A5038432622,,Peedikakkal,Abdul Malik P. Peedikakkal; Hasan Ali Al-Mohsin; Almaz S. Jalilov; Theis I. Sølling; Anders B. Skov,CCDC 2057813: Experimental Crystal Structure Determination,2021-05-14,2021,The Cambridge Structural Database,0,A5061399863|A5056900772|A5010836137|A5025299860
https://openalex.org/W4397648645,https://doi.org/10.5517/ccdc.csd.cc22bt2b,A5038432622,,Sølling,Theis I. Sølling; Kristian B. Olesen; Gustav Palm-Henriksen; Safwat Abdel‐Azeim; Anders B. Skov,CCDC 1917011: Experimental Crystal Structure Determination,2020-01-17,2020,The Cambridge Structural Database,0,A5011785521|A5091626156|A5056134895|A5025299860
https://openalex.org/W4397813705,https://doi.org/10.5517/ccvg0fq,A5038432622,,Brogaard,Rasmus Y. Brogaard; Andrey E. Boguslavskiy; Oliver Schalk; G.D. Enright; H. Hopf; Vitaly Raev; P.G. Jones; Ditte Thomsen; Theis I. Sølling; Albert Stolow,CCDC 788033: Experimental Crystal Structure Determination,2011-01-01,2011,The Cambridge Structural Database,0,A5077910252|A5037126566|A5090390474|A5000480515|A5072696677|A5029782443|A5105792571|A5055364360|A5034159631
https://openalex.org/W4397968089,https://doi.org/10.5517/ccdc.csd.cc271tfk,A5038432622,,Peedikakkal,Abdul Malik P. Peedikakkal; Hasan Ali Al-Mohsin; Almaz S. Jalilov; Theis I. Sølling; Anders B. Skov,CCDC 2057328: Experimental Crystal Structure Determination,2021-05-14,2021,The Cambridge Structural Database,0,A5061399863|A5056900772|A5010836137|A5025299860
https://openalex.org/W4397983663,https://doi.org/10.5517/ccdc.csd.cc271tgl,A5038432622,,Peedikakkal,Abdul Malik P. Peedikakkal; Hasan Ali Al-Mohsin; Almaz S. Jalilov; Theis I. Sølling; Anders B. Skov,CCDC 2057329: Experimental Crystal Structure Determination,2021-05-14,2021,The Cambridge Structural Database,0,A5061399863|A5056900772|A5010836137|A5025299860
https://openalex.org/W4397986101,https://doi.org/10.5517/ccrm89x,A5038432622,,Stuhr‐Hansen,Nicolai Stuhr‐Hansen; T.F. Gotze; Lars Henriksen; Theis I. Sølling; Annette E. Langkilde; Henning Osholm Sørensen,CCDC 703709: Experimental Crystal Structure Determination,2009-01-01,2009,The Cambridge Structural Database,0,A5010462696|A5017268756|A5040469727|A5085166978|A5078856717
https://openalex.org/W4398035725,https://doi.org/10.5517/ccdc.csd.ccxnhst,A5038432622,,Brogaard,Rasmus Y. Brogaard; Oliver Schalk; Andrey E. Boguslavskiy; G.D. Enright; Henning Hopf; Vitaly Raev; Eliza Tarcoveanu; Theis I. Sølling; Albert Stolow,CCDC 853857: Experimental Crystal Structure Determination,2016-01-01,2016,The Cambridge Structural Database,0,A5077910252|A5090390474|A5037126566|A5000480515|A5110191297|A5029782443|A5007224932|A5034159631
https://openalex.org/W4401704677,https://doi.org/10.2139/ssrn.4928928,A5038432622,,Sølling,Theis I. Sølling; Lionel Talley Fogang; Syed Muhammad Shakil Hussain,Co2-Philicity of Crude Oil Constituents: A Computational Study,2024-01-01,2024,SSRN Electronic Journal,0,A5046182468|A5022552999
https://openalex.org/W4403024797,https://doi.org/10.1016/j.ijhydene.2024.09.383,A5038432622,,Alsulami,Ahmed Alsulami; Abdulmohsen A. Al-Sibaie; Theis I. Sølling,"Photo-induced loss of H2 from H2S, CH4, H2O and SiH4, when and why is it possible",2024-10-01,2024,International Journal of Hydrogen Energy,0,A5028901037|A5092646260
https://openalex.org/W4406563942,https://doi.org/10.1016/j.ctta.2025.100167,A5038432622,,Fogang,Lionel Talley Fogang; Syed Muhammad Shakil Hussain; Theis I. Sølling,CO2-philicity of crude oil constituents: A computational study,2025-01-18,2025,Chemical Thermodynamics and Thermal Analysis,0,A5046182468|A5022552999
https://openalex.org/W4412806244,https://doi.org/10.2139/ssrn.5374153,A5038432622,,Parida,Manas R. Parida; Jehad K. El‐Demellawi; Mohammed K. Al-Sakkaf; Faisal Alissa; Nouf Jabri; Shiv Shankar Sangaru; Theis I. Sølling; Ahmed El Zohry,Robust and Efficient Nanocrystal-Based Fluorescent Tracers for Monitoring Oil Reservoirs,2025-01-01,2025,SSRN Electronic Journal,0,A5044597419|A5065723079|A5012004840|A5085415770|A5112632574|A5013204274|A5051160813
https://openalex.org/W4413292347,https://doi.org/10.1007/s13369-025-10552-9,A5038432622,,Jaberi,Jaber Al Jaberi; Reem AlBoraikan; Badr Bageri; Theis I. Sølling; Mohamed Mahmoud,The Role of pH and Alkali Salts on Corrosion Indices of EDTA Solutions in Oilfield Applications,2025-08-18,2025,Arabian Journal for Science and Engineering,0,A5030821849|A5070611349|A5025636051|A5049649985
https://openalex.org/W4413697429,https://doi.org/10.1002/ange.202513444,A5038432622,,Venkatraman,Ravi Kumar Venkatraman; Deborin Ghosh; Amal Hassan Tolba; Theis I. Sølling; Andrew J. Orr‐Ewing; Ahmed M. El‐Zohry,The Crucial Role of Solvent and Bound Oxygen on the Interplay of Cerium (III) and Cerium (IV) Chloride in a Photocatalytic Cycle for Organic Transformations,2025-08-26,2025,Angewandte Chemie,0,A5011769389|A5040541683|A5076124453|A5017717395|A5063047677
https://openalex.org/W4413697430,https://doi.org/10.1002/anie.202513444,A5038432622,,Venkatraman,Ravi Kumar Venkatraman; Deborin Ghosh; Amal Hassan Tolba; Theis I. Sølling; Andrew J. Orr‐Ewing; Ahmed M. El‐Zohry,The Crucial Role of Solvent and Bound Oxygen on the Interplay of Cerium (III) and Cerium (IV) Chloride in a Photocatalytic Cycle for Organic Transformations,2025-08-26,2025,Angewandte Chemie International Edition,0,A5011769389|A5040541683|A5076124453|A5017717395|A5063047677
https://openalex.org/W4414082663,https://doi.org/10.1021/acs.langmuir.5c03647,A5038432622,,Alharbi,Ghadeer G. Alharbi; Safwat Abdel‐Azeim; Theis I. Sølling; Ahmed M. El‐Zohry,Unveiling the Chemical Interactions of Calcium Ions with Surface-Active Components in Water-Crude Oil Emulsions,2025-09-09,2025,Langmuir,0,A5098400983|A5056134895|A5063047677
https://openalex.org/W4414226784,https://doi.org/10.2118/227354-ms,A5038432622,,Sølling,Theis I. Sølling; Safwat Abdel‐Azeim; Ahmed M. El‐Zohry; Syed Muhammad Shakil Hussain,Probing the Generation of Reactive Species from Surfactants with Interface-Sensitive Mass Spectrometry Studies,2025-09-16,2025,,0,A5056134895|A5063047677|A5022552999
https://openalex.org/W4414226895,https://doi.org/10.2118/227078-ms,A5038432622,,Parida,Manoranjan Parida; Jehad K. El‐Demellawi; Faisal Alissa; Shiv Shankar Sangaru; Mohammed K. Al-Sakkaf; Theis I. Sølling; Ahmed M. El‐Zohry,Core/Shell Quantum Dots: Highly Stable and Tunable Tracers for Oil Reservoir Applications,2025-09-16,2025,,0,A5089334516|A5065723079|A5085415770|A5013204274|A5012004840|A5063047677
https://openalex.org/W4414226922,https://doi.org/10.2118/227232-ms,A5038432622,,Boda,MahammadShayban Boda; Hasan Javed Khan; Murtadha J. AlTammar; Mohammed Abdul Samad; Mirza Murtuza Ali Baig; Abeer Alarawi; Ruud Weijermaars; Theis I. Sølling,Evaluating the Effect of Friction Reducers in Slickwater on Shearing Properties Between Fracture Surfaces of Shale Rocks,2025-09-16,2025,,0,A5119629882|A5046264836|A5067074454|A5050321766|A5053859241|A5013370842|A5119629883
https://openalex.org/W4414310585,https://doi.org/10.2118/227526-ms,A5038432622,,Parida,Manas R. Parida; Subhash Ayirala; Ahmed Gmira; Theis I. Sølling; Anton V. Malko; Ahmed El Zohry,"3D Graphene-Based Adsorbents: Synthesis, and Spectroscopic Analysis for Oil Field Applications",2025-09-16,2025,,0,A5044597419|A5000730708|A5023474641|A5055708266|A5051160813
https://openalex.org/W4414974848,https://doi.org/10.2139/ssrn.5580526,A5038432622,,Sølling,Theis I. Sølling; Abduljamiu O. Amao; Sherif M. Hanafy; Pantelis Soupios; Khalid Al–Ramadan,Meteorite impacts in quartz sand: An overview study of the resulting rock types,2025-01-01,2025,SSRN Electronic Journal,0,A5027197211|A5077467560|A5008213975|A5085007251
https://openalex.org/W4416640793,https://doi.org/10.1016/j.ijms.2025.117554,A5038432622,,Sølling,Theis I. Sølling; Nathan F. Dalleska; J. L. Beauchamp,Paper spray analysis of crude oil samples: comparing traditional characterization schemes with mass spectrometric outcomes,2025-11-25,2025,International Journal of Mass Spectrometry,0,A5010354677|A5085620752
https://openalex.org/W4416969309,https://doi.org/10.2139/ssrn.5856531,A5038432622,,Zohry,Ahmed El Zohry; Mohammed K. Al-Sakkaf; S. Shiv Shankar; Theis I. Sølling,The Limits of Transferability in Crude Oil Property Prediction: A Density Modeling Case,2025-01-01,2025,SSRN Electronic Journal,0,A5051160813|A5012004840|A5035133404
https://openalex.org/W853964914,,A5038432622,,Gosselin,Jaimie Gosselin; Michael P. Minitti; Peter Weber; Theis I. Sølling,ULTRAFAST DYNAMICS IN RYDBERG STATES OF ALIPHATIC AMINES,2005-01-01,2005,,0,A5077038099|A5052804460|A5058193339